renaes,canonical_name,canonical_region,observed_months_2026,den_observed_2026_jan_may,num_observed_2026_jan_may,mean_monthly_den_2026_jan_may,projected_den_jun_dec,projected_num_jun_dec,projected_den_annual_2026,projected_num_annual_2026,projected_indicator_annual_2026,denominator_tier,expected_target,threshold_value,compliance_pct_projected,arima_compliance_status,arima_order,readiness,model_status,projected_den_annual_2026_rounded,projected_num_annual_2026_rounded,region_monitor,province_monitor,name_monitor,estado_susalud,med_general_family,psychiatrists,total_doctors,total_hr,funcionamiento_score,doctor_group,is_modeled,is_logra_official_point
00027434,CENTRO DE SALUD MENTAL COMUNITARIO BAGUA,AMAZONAS,5,37,22,7.4,51.8,31.964795150497,88.8,53.964795150497,0.607711657100191,60-100,0.5,0.35,171.807771400128,LOGRA,"ARIMA(0,1,1)",basic,ok,89.0,54.0,AMAZONAS,BAGUA,CSMC BAGUA,ACTIVO,1.0,1.0,2.0,31.0,1.0,2 medicos,True,True
00028701,CENTRO DE SALUD MENTAL COMUNITARIO ALLY WARAQ,ANCASH,5,38,29,7.6,53.2,42.809576811684,91.2,71.809576811684,0.787385710654429,60-100,0.5,0.35,291.59047376962,LOGRA,"ARIMA(0,0,0)",strict,ok,91.0,72.0,ANCASH,HUARAZ,CSMC ALLY WARAQ,ACTIVO,1.0,2.0,3.0,31.0,0.875,3+ medicos,True,True
00030711,CENTRO DE SALUD MENTAL COMUNITARIO CARHUAZ,ANCASH,5,49,27,9.8,68.6,30.5285399349477,117.6,57.5285399349477,0.489188264752957,101-150,0.4,0.3,189.188264752957,LOGRA,"ARIMA(2,1,2)",strict,ok,118.0,58.0,ANCASH,CARHUAZ,CSMC CARHUAZ,ACTIVO,2.0,1.0,3.0,35.0,0.875,3+ medicos,True,True
00030712,CENTRO DE SALUD MENTAL COMUNITARIO LLAPANTSIKPAQ,ANCASH,4,24,20,6.0,42.0,39.8385360710114,66.0,59.8385360710114,0.906644485924415,60-100,0.5,0.35,371.09632394961,LOGRA,"ARIMA(1,1,2)",strict,ok,66.0,60.0,ANCASH,HUARAZ,CSMC LLAPANTSIKPAQ,ACTIVO,2.0,2.0,4.0,28.0,0.875,3+ medicos,True,True
00027144,CENTRO DE SALUD MENTAL COMUNITARIO NUEVO PUERTO,ANCASH,5,84,44,16.8,117.6,90.7525030644448,201.6,134.752503064445,0.668415193772048,>150,0.3,0.2,468.415193772048,LOGRA,"ARIMA(1,1,1)",strict,ok,202.0,135.0,ANCASH,SANTA,CSMC NUEVO PUERTO,ACTIVO,2.0,1.0,3.0,28.0,1.0,3+ medicos,True,True
00025688,CENTRO DE SALUD MENTAL COMUNITARIO PRADERA DE LOS CELAJES,APURIMAC,5,78,45,15.6,109.2,57.9315238330128,187.2,102.931523833013,0.549847883723359,>150,0.3,0.2,349.847883723359,LOGRA,"ARIMA(0,1,1)",strict,ok,187.0,103.0,,,,,,,,,,Sin dato,True,True
00034351,CENTRO DE SALUD MENTAL COMUNITARIO SENOR DE ANIMAS,APURIMAC,5,32,31,6.4,44.8,44.576,76.8,75.576,0.9840625,60-100,0.5,0.35,422.708333333333,LOGRA,"ARIMA(1,1,0)",basic,ok,77.0,76.0,APURÍMAC,AYMARAES,CSMC SEÑOR DE ANIMAS,ACTIVO,1.0,1.0,2.0,30.0,0.875,2 medicos,True,True
00031614,CENTRO DE SALUD MENTAL COMUNITARIO UNIVERSITARIO JOSE MARIA ARGUEDAS,APURIMAC,5,82,47,16.4,114.8,61.5173796381386,196.8,108.517379638139,0.551409449380786,>150,0.3,0.2,351.409449380786,LOGRA,"ARIMA(0,1,1)",strict,ok,197.0,109.0,APURÍMAC,ANDAHUAYLAS,CSMC U JOSÉ MARÍA ARGUEDAS,ACTIVO,1.0,1.0,2.0,26.0,0.875,2 medicos,True,True
00027464,CENTRO DE SALUD MENTAL COMUNITARIO CAYMA,AREQUIPA,5,26,17,5.2,36.4,28.1342304684544,62.4,45.1342304684544,0.723304975456001,60-100,0.5,0.35,248.869983637334,LOGRA,"ARIMA(0,1,1)",strict,ok,62.0,45.0,AREQUIPA,AREQUIPA,CSMC CAYMA,ACTIVO,1.0,1.0,2.0,33.0,1.0,2 medicos,True,True
00026012,CENTRO DE SALUD MENTAL COMUNITARIO LOS MOROCHUCOS,AYACUCHO,5,64,46,12.8,89.6,64.2050186098965,153.6,110.205018609896,0.71748058990818,>150,0.3,0.2,517.48058990818,LOGRA,"ARIMA(0,1,1)",strict,ok,154.0,110.0,AYACUCHO,CANGALLO,CSMC LOS MOROCHUCOS,ACTIVO,2.0,1.0,3.0,34.0,1.0,3+ medicos,True,True
00027734,CENTRO DE SALUD MENTAL COMUNITARIO MUSUQ RIKCHAY,AYACUCHO,5,29,27,5.8,40.6,39.0160782975858,69.6,66.0160782975858,0.948506872091751,60-100,0.5,0.35,399.0045813945,LOGRA,"ARIMA(1,1,0)",strict,ok,70.0,66.0,AYACUCHO,HUAMANGA,CSCM MUSUQ RIKCHAY,ACTIVO,1.0,1.0,2.0,26.0,0.75,2 medicos,True,True
00027735,CENTRO DE SALUD MENTAL COMUNITARIO RUKANAS,AYACUCHO,5,27,26,5.4,37.8,37.5696039251932,64.8,63.5696039251932,0.981012406252982,60-100,0.5,0.35,420.674937501988,LOGRA,"ARIMA(0,1,1)",strict,ok,65.0,64.0,AYACUCHO,LUCANAS,CSMC RUKANAS,ACTIVO,1.0,1.0,2.0,23.0,0.875,2 medicos,True,True
00029394,CENTRO DE SALUD MENTAL COMUNITARIO SAN JUAN BAUTISTA,AYACUCHO,5,47,35,9.4,65.8,58.3963018881287,112.8,93.3963018881287,0.827981399717453,101-150,0.4,0.3,527.981399717453,LOGRA,"ARIMA(2,1,0)",strict,ok,113.0,93.0,AYACUCHO,HUAMANGA,CSMC SAN JUAN BAUTISTA,ACTIVO,1.0,1.0,2.0,22.0,0.75,2 medicos,True,True
00026918,CENTRO DE SALUD MENTAL COMUNITARIO UYARINA WASI,AYACUCHO,5,24,23,4.8,33.6,33.1290689842718,57.6,56.1290689842718,0.974463003199163,40-59,0.6,0.4,287.231501599581,LOGRA,"ARIMA(1,1,0)",strict,ok,58.0,56.0,AYACUCHO,LA MAR,CSMC UYARINA WASI,ACTIVO,1.0,0.0,1.0,24.0,0.75,0-1 medico,True,True
00027731,CENTRO DE SALUD MENTALCOMUNITARIO JESUS NAZARENO - KUSKA WINARISUN,AYACUCHO,5,42,28,8.4,58.8,37.8824744913778,100.8,65.8824744913778,0.653595977097002,101-150,0.4,0.3,353.595977097002,LOGRA,"ARIMA(0,1,1)",strict,ok,101.0,66.0,AYACUCHO,HUAMANGA,CSMC JESUS NAZARENO KUSKA WIÑARISUM,ACTIVO,1.0,1.0,2.0,22.0,1.0,2 medicos,True,True
00034461,CENTRO DE SALUD MENTAL COMUNITARIO SAN MARCOS,CAJAMARCA,5,67,31,13.4,93.8,38.6618814992202,160.8,69.6618814992202,0.433220656089678,>150,0.3,0.2,233.220656089678,LOGRA,"ARIMA(0,1,1)",basic,ok,161.0,70.0,CAJAMARCA,SAN MARCOS,CSMC SAN MARCOS,ACTIVO,1.0,1.0,2.0,27.0,1.0,2 medicos,True,True
00034018,CENTRO DE SALUD MENTAL COMUNITARIO SUYAY,CAJAMARCA,5,64,40,12.8,89.6,53.8827326901616,153.6,93.8827326901616,0.61121570761824,>150,0.3,0.2,411.21570761824,LOGRA,"ARIMA(2,1,1)",basic,ok,154.0,94.0,CAJAMARCA,JAEN,CSMCE SUYAY,ACTIVO,2.0,1.0,3.0,31.0,1.0,3+ medicos,True,True
00029381,CENTRO DE SALUD MENTAL COMUNITARIO MI PERU,CALLAO,5,50,25,10.0,70.0,41.0002671652007,120.0,66.0002671652007,0.550002226376673,101-150,0.4,0.3,250.002226376673,LOGRA,"ARIMA(1,1,0)",basic,ok,120.0,66.0,CALLAO,CALLAO,CSMC MI PERU,ACTIVO,1.0,0.0,1.0,26.0,0.75,0-1 medico,True,True
00027790,MENTAL COMUNITARIO ANTA,CUSCO,5,69,39,13.8,96.6,71.7125013206104,165.6,110.71250132061,0.668553751936053,>150,0.3,0.2,468.553751936053,LOGRA,"ARIMA(0,1,1)",strict,ok,166.0,111.0,CUSCO,ANTA,CSMC MENTAL COMUNITARIO ANTA,ACTIVO,1.0,0.0,1.0,28.0,0.75,0-1 medico,True,True
00030708,MENTAL COMUNITARIO HUARO,CUSCO,5,163,65,32.6,228.2,90.7194501047178,391.2,155.719450104718,0.398055854050915,>150,0.3,0.2,198.055854050915,LOGRA,"ARIMA(0,1,1)",strict,ok,391.0,156.0,CUSCO,QUISPICANCHI,CSMC MENTAL COMUNITARIO HUARO,ACTIVO,2.0,1.0,3.0,26.0,1.0,3+ medicos,True,True
00030666,MENTAL COMUNITARIO URUBAMBA,CUSCO,5,50,42,10.0,70.0,51.8949202714424,120.0,93.8949202714424,0.782457668928687,101-150,0.4,0.3,482.457668928687,LOGRA,"ARIMA(1,1,2)",strict,ok,120.0,94.0,CUSCO,URUBAMBA,CSMC MENTAL COMUNITARIO URUBAMBA,ACTIVO,1.0,1.0,2.0,27.0,1.0,2 medicos,True,True
00026273,MENTAL COMUNITARIO VIRGEN ASUNTA DE CALCA,CUSCO,5,26,14,5.2,36.4,31.1034797333711,62.4,45.1034797333711,0.722812175214281,60-100,0.5,0.35,248.541450142854,LOGRA,"ARIMA(0,1,1)",strict,ok,62.0,45.0,CUSCO,CALCA,CSMC VIIRGEN ASUNTA DE CALCA,ACTIVO,1.0,1.0,2.0,27.0,0.75,2 medicos,True,True
00026181,MENTAL SAN SEBASTIAN,CUSCO,5,133,43,26.6,186.2,68.4921567431618,319.2,111.492156743162,0.34928620533572,>150,0.3,0.2,149.28620533572,LOGRA,"ARIMA(2,1,2)",strict,ok,319.0,111.0,CUSCO,CUSCO,CSMC MENTAL SAN SEBASTIAN,ACTIVO,1.0,2.0,3.0,30.0,1.0,3+ medicos,True,True
00022075,CENTRO DE SALUD MENTAL COMUNITARIO ACOBAMBA,HUANCAVELICA,5,21,20,4.2,29.4,29.2380487925673,50.4,49.2380487925673,0.976945412550938,40-59,0.6,0.4,288.472706275469,LOGRA,"ARIMA(0,1,1)",strict,ok,50.0,49.0,HUANCAVELICA,ACOBAMBA,CSMC ACOBAMBA,ACTIVO,1.0,2.0,3.0,26.0,0.75,3+ medicos,True,True
00028484,CENTRO DE SALUD MENTAL COMUNITARIO ANGARAES,HUANCAVELICA,5,60,49,12.0,84.0,81.090195317744,144.0,130.090195317744,0.903404134151,101-150,0.4,0.3,603.404134151,LOGRA,"ARIMA(0,1,1)",basic,ok,144.0,130.0,HUANCAVELICA,ANGARAES,CSMC ANGARAES,ACTIVO,1.0,0.0,1.0,22.0,0.5,0-1 medico,True,True
00028483,CENTRO DE SALUD MENTAL COMUNITARIO HUANCAVELICA,HUANCAVELICA,5,41,38,8.2,57.4,56.5342769675153,98.4,94.5342769675153,0.960714196824342,60-100,0.5,0.35,407.142797882895,LOGRA,"ARIMA(0,1,1)",strict,ok,98.0,95.0,HUANCAVELICA,HUANCAVELICA,CSMC HUANCAVELICA,ACTIVO,1.0,2.0,3.0,28.0,1.0,3+ medicos,True,True
00028492,CENTRO DE SALUD MENTAL COMUNITARIO QANWAN KACHKANIKU,HUANCAVELICA,5,28,25,5.6,39.2,38.9035573978974,67.2,63.9035573978974,0.950945794611568,60-100,0.5,0.35,400.630529741045,LOGRA,"ARIMA(0,1,1)",strict,ok,67.0,64.0,HUANCAVELICA,CHURCAMPA,CSMC QANWAN KACHKANIKU (SIEMPRE CONTIGO),ACTIVO,1.0,1.0,2.0,20.0,0.875,2 medicos,True,True
00026004,CENTRO DE SALUD MENTAL COMUNITARIO TAYACAJA,HUANCAVELICA,5,28,17,5.6,39.2,23.2298814705071,67.2,40.2298814705071,0.598658950453975,60-100,0.5,0.35,165.772633635983,LOGRA,"ARIMA(0,0,0)",strict,ok,67.0,40.0,HUANCAVELICA,TAYACAJA,CSMC TAYACAJA,ACTIVO,3.0,1.0,4.0,34.0,0.875,3+ medicos,True,True
00032281,C.S.M.C CHINCHAYSUYO,HUANUCO,5,22,17,4.4,30.8,27.5556529038315,52.8,44.5556529038315,0.843857062572567,40-59,0.6,0.4,221.928531286284,LOGRA,"ARIMA(0,1,1)",strict,ok,53.0,45.0,HUÁNUCO,DOS DE MAYO,CSMC CHINCHAYSUYO,ACTIVO,1.0,1.0,2.0,24.0,0.875,2 medicos,True,True
00028613,CENTRO DE SALUD MENTAL COMUNITARIO ESPERANZA,HUANUCO,5,39,27,7.8,54.6,40.5910226182814,93.6,67.5910226182814,0.722126310024374,60-100,0.5,0.35,248.084206682916,LOGRA,"ARIMA(0,1,1)",strict,ok,94.0,68.0,HUÁNUCO,HUÁNUCO,CSMC ESPERANZA,ACTIVO,1.0,1.0,2.0,33.0,0.875,2 medicos,True,True
00031094,CENTRO DE SALUD MENTAL COMUNITARIO GROVER MORI,HUANUCO,5,43,31,8.6,60.2,18.7329687756197,103.2,49.7329687756197,0.481908612166858,101-150,0.4,0.3,181.908612166858,LOGRA,"ARIMA(0,1,1)",strict,ok,103.0,50.0,HUÁNUCO,AMBO,CSMC GROVER MORI ROMERO,ACTIVO,1.0,1.0,2.0,28.0,0.875,2 medicos,True,True
00028614,CENTRO DE SALUD MENTAL COMUNITARIO KUSHISHA PANATAHUA,HUANUCO,5,20,13,4.0,28.0,25.5530329845922,48.0,38.5530329845922,0.803188187179004,40-59,0.6,0.4,201.594093589502,LOGRA,"ARIMA(0,1,2)",strict,ok,48.0,39.0,HUÁNUCO,PACHITEA,CSMC. KUSHISHA PANATAHUA,ACTIVO,1.0,1.0,2.0,35.0,1.0,2 medicos,True,True
00027051,CENTRO DE SALUD MENTAL COMUNITARIO PAKKARIN,HUANUCO,5,54,48,10.8,75.6,37.8,129.6,85.8,0.662037037037037,101-150,0.4,0.3,362.037037037037,LOGRA,"ARIMA(0,1,0)",strict,ok,130.0,86.0,HUÁNUCO,HUÁNUCO,CSMC PAKKARIN,ACTIVO,1.0,1.0,2.0,34.0,1.0,2 medicos,True,True
00033050,CENTRO DE SALUD MENTAL COMUNITARIO UNIVERSITARIO DR. JESUS VIRGILIO LOPEZ CALDERO,HUANUCO,5,113,61,22.6,158.2,93.7172199863957,271.2,154.717219986396,0.570491224138627,>150,0.3,0.2,370.491224138627,LOGRA,"ARIMA(2,1,1)",strict,ok,271.0,155.0,HUÁNUCO,HUÁNUCO,CSMCU DR. JESÚS VIRGILIO LÓPEZ CALDERÓN,ACTIVO,1.0,1.0,2.0,27.0,1.0,2 medicos,True,True
00033478,CENTRO DE SALUD MENTAL COMUNITARIO CRISTO MORENO DE LUREN,ICA,5,89,59,17.8,124.6,115.184469501732,213.6,174.184469501732,0.815470362835826,>150,0.3,0.2,615.470362835826,LOGRA,"ARIMA(0,1,1)",basic,ok,214.0,174.0,ICA,ICA,CSMC CRISTO MORENO DE LUREN,ACTIVO,1.0,1.0,2.0,30.0,0.625,2 medicos,True,True
00030802,CENTRO DE SALUD MENTAL COMUNITARIO AHUAC,JUNIN,5,26,24,5.2,36.4,33.7105699012294,62.4,57.7105699012294,0.924848876622266,60-100,0.5,0.35,383.232584414844,LOGRA,"ARIMA(2,1,0)",strict,ok,62.0,58.0,JUNÍN,CHUPACA,CSMC AHUAC,ACTIVO,1.0,1.0,2.0,26.0,1.0,2 medicos,True,True
00030166,CENTRO DE SALUD MENTAL COMUNITARIO CARHUAMAYO,JUNIN,5,26,11,5.2,36.4,22.7170211512884,62.4,33.7170211512884,0.540336877424494,60-100,0.5,0.35,126.891251616329,LOGRA,"ARIMA(0,1,1)",strict,ok,62.0,34.0,JUNÍN,JUNÍN,CSMC CARHUAMAYO,ACTIVO,1.0,1.0,2.0,29.0,1.0,2 medicos,True,True
00028947,CENTRO DE SALUD MENTAL COMUNITARIO CHILCA,JUNIN,5,65,47,13.0,91.0,85.7497952472127,156.0,132.749795247213,0.850960225943671,>150,0.3,0.2,650.960225943672,LOGRA,"ARIMA(0,1,2)",strict,ok,156.0,133.0,JUNÍN,HUANCAYO,CSMC CHILCA,ACTIVO,0.0,2.0,2.0,25.0,1.0,2 medicos,True,True
00027080,CENTRO DE SALUD MENTAL COMUNITARIO PICHANAKI,JUNIN,5,101,48,20.2,141.4,45.248,242.4,93.248,0.384686468646865,>150,0.3,0.2,184.686468646865,LOGRA,"ARIMA(0,1,0)",strict,ok,242.0,93.0,JUNÍN,CHANCHAMAYO,CSMC PICHANAKI,ACTIVO,2.0,1.0,3.0,23.0,1.0,3+ medicos,True,True
00028870,CENTRO DE SALUD MENTAL COMUNITARIO SAN RAMON,JUNIN,5,70,70,14.0,98.0,97.7636842568846,168.0,167.763684256885,0.998593358671932,>150,0.3,0.2,798.593358671932,LOGRA,"ARIMA(1,1,2)",strict,ok,168.0,168.0,JUNÍN,CHANCHAMAYO,CSMCV SAN RAMÓN,ACTIVO,2.0,0.0,2.0,30.0,0.75,2 medicos,True,True
00021228,CENTRO DE SALUD MENTAL COMUNITARIA DRA. FRIDA ALAYZA COSSIO,LA LIBERTAD,5,63,30,12.6,88.2,28.346782999159,151.2,58.346782999159,0.38589142195211,>150,0.3,0.2,185.89142195211,LOGRA,"ARIMA(1,1,0)",strict,ok,151.0,58.0,LA LIBERTAD,TRUJILLO,CSMC FRIDA ALAYZA COSSIO,ACTIVO,2.0,1.0,3.0,24.0,1.0,3+ medicos,True,True
00021226,CENTRO DE SALUD MENTAL COMUNITARIA EL PORVENIR,LA LIBERTAD,5,67,29,13.4,93.8,33.8059135489449,160.8,62.8059135489449,0.390584039483488,>150,0.3,0.2,190.584039483488,LOGRA,"ARIMA(1,1,0)",strict,ok,161.0,63.0,LA LIBERTAD,TRUJILLO,CSMC EL PORVENIR,ACTIVO,1.0,1.0,2.0,22.0,1.0,2 medicos,True,True
00021227,CENTRO DE SALUD MENTAL COMUNITARIA FLORENCIA DE MORA,LA LIBERTAD,5,71,29,14.2,99.4,92.5604461883218,170.4,121.560446188322,0.713382900166208,>150,0.3,0.2,513.382900166208,LOGRA,"ARIMA(2,1,0)",strict,ok,170.0,122.0,LA LIBERTAD,TRUJILLO,CSMC FLORENCIA DE MORA,ACTIVO,0.0,1.0,1.0,24.0,0.875,0-1 medico,True,True
00026352,CENTRO DE SALUD MENTAL COMUNITARIA LA ESPERANZA,LA LIBERTAD,5,48,35,9.6,67.2,51.0710536863944,115.2,86.0710536863944,0.747144563249951,101-150,0.4,0.3,447.144563249951,LOGRA,"ARIMA(0,1,1)",strict,ok,115.0,86.0,LA LIBERTAD,TRUJILLO,CSMC LA ESPERANZA,ACTIVO,2.0,0.0,2.0,25.0,0.75,2 medicos,True,True
00021224,CENTRO DE SALUD MENTAL COMUNITARIA SAN CRISPIN,LA LIBERTAD,5,106,61,21.2,148.4,22.8307692307693,254.4,83.8307692307692,0.329523463957426,>150,0.3,0.2,129.523463957426,LOGRA,"ARIMA(0,1,0)",strict,ok,254.0,84.0,LA LIBERTAD,TRUJILLO,CSMC SAN CRISPIN,ACTIVO,0.0,1.0,1.0,18.0,1.0,0-1 medico,True,True
00030155,CENTRO DE SALUD MENTAL COMUNITARIO ABRAZA LA VIDA,LA LIBERTAD,5,34,24,6.8,47.6,25.193306319679,81.6,49.193306319679,0.602859146074498,60-100,0.5,0.35,168.572764049665,LOGRA,"ARIMA(1,1,0)",strict,ok,82.0,49.0,LA LIBERTAD,CHEPEN,CSMC ABRAZA LA VIDA,ACTIVO,1.0,1.0,2.0,21.0,1.0,2 medicos,True,True
00033966,CENTRO DE SALUD MENTAL COMUNITARIO ABRAZO SIN LIMITES,LA LIBERTAD,5,37,32,7.4,51.8,48.063568002509,88.8,80.063568002509,0.901616756785012,60-100,0.5,0.35,367.744504523341,LOGRA,"ARIMA(0,1,1)",basic,ok,89.0,80.0,LA LIBERTAD,TRUJILLO,CSMC ABRAZO SIN LIMITES,ACTIVO,0.0,1.0,1.0,18.0,0.875,0-1 medico,True,True
00033708,CENTRO DE SALUD MENTAL COMUNITARIO CONECTANDO VIDAS,LA LIBERTAD,5,95,68,19.0,133.0,126.164521932332,228.0,194.164521932332,0.851598780404966,>150,0.3,0.2,651.598780404966,LOGRA,"ARIMA(2,1,2)",basic,ok,228.0,194.0,LA LIBERTAD,PACASMAYO,CSMC CONECTANDO VIDAS,ACTIVO,1.0,1.0,2.0,25.0,1.0,2 medicos,True,True
00031087,CENTRO DE SALUD MENTAL COMUNITARIO FORTALEZA DEL SOL CHAO,LA LIBERTAD,5,77,56,15.4,107.8,102.227209482571,184.8,158.227209482571,0.856207843520406,>150,0.3,0.2,656.207843520407,LOGRA,"ARIMA(1,1,2)",strict,ok,185.0,158.0,LA LIBERTAD,VIRU,CSMC. FORTALEZA DEL SOL CHAO,ACTIVO,2.0,0.0,2.0,20.0,0.75,2 medicos,True,True
00026345,CENTRO DE SALUD MENTAL COMUNITARIO MAEICH MUCHIK,LA LIBERTAD,5,46,26,9.2,64.4,32.0843445236245,110.4,58.0843445236245,0.526126309090801,101-150,0.4,0.3,226.126309090801,LOGRA,"ARIMA(2,1,0)",strict,ok,110.0,58.0,LA LIBERTAD,TRUJILLO,CSMC MOCHE MAEICH MUCHIK,ACTIVO,0.0,1.0,1.0,21.0,1.0,0-1 medico,True,True
00026346,CENTRO DE SALUD MENTAL COMUNITARIO RENACER - OTUZCO,LA LIBERTAD,5,74,70,14.8,103.6,103.082,177.6,173.082,0.974560810810811,>150,0.3,0.2,774.560810810811,LOGRA,"ARIMA(0,1,0)",strict,ok,178.0,173.0,LA LIBERTAD,OTUZCO,CSMC RENACER,ACTIVO,2.0,0.0,2.0,21.0,0.625,2 medicos,True,True
00031283,CENTRO DE SALUD MENTAL COMUNITARIO VALLE DE ESPERANZA,LA LIBERTAD,5,63,19,12.6,88.2,45.102212681854,151.2,64.102212681854,0.423956433081045,>150,0.3,0.2,223.956433081045,LOGRA,"ARIMA(0,1,1)",basic,ok,151.0,64.0,LA LIBERTAD,ASCOPE,CSMC VALLE DE ESPERANZA,ACTIVO,1.0,0.0,1.0,21.0,0.625,0-1 medico,True,True
00034256,CENTRO DE SALUD MENTAL COMUNITARIO JAIME ZUBIETA,LIMA DIRIS CENTRO,5,112,53,22.4,156.8,78.5575909166922,268.8,131.557590916692,0.489425561446028,>150,0.3,0.2,289.425561446028,LOGRA,"ARIMA(2,1,2)",basic,ok,269.0,132.0,DIRIS LIMA CENTRO,LIMA,CSMC JAIME ZUBIETA,ACTIVO,2.0,0.0,2.0,27.0,0.625,2 medicos,True,True
00027726,CENTRO DE SALUD MENTAL COMUNITARIO JAVIER MARIATEGUI CHIAPPE,LIMA DIRIS CENTRO,5,53,24,10.6,74.2,31.0569818726955,127.2,55.0569818726955,0.43283790780421,101-150,0.4,0.3,132.83790780421,LOGRA,"ARIMA(0,1,1)",strict,ok,127.0,55.0,DIRIS LIMA CENTRO,LIMA,CSMC JAVIER MARIÁTEGUI CHIAPPE,ACTIVO,1.0,3.0,4.0,30.0,1.0,3+ medicos,True,True
00033452,CENTRO DE SALUD MENTAL COMUNITARIO SAN BORJA,LIMA DIRIS CENTRO,5,98,37,19.6,137.2,48.1583895887202,235.2,85.1583895887202,0.362067982945239,>150,0.3,0.2,162.067982945239,LOGRA,"ARIMA(2,1,0)",basic,ok,235.0,85.0,DIRIS LIMA CENTRO,LIMA,CSMC SAN BORJA,ACTIVO,0.0,4.0,4.0,32.0,0.75,3+ medicos,True,True
00029044,CENTRO DE SALUD MENTAL COMUNITARIO CIENEGUILLA,LIMA DIRIS ESTE,5,111,64,22.2,155.4,90.9715833879081,266.4,154.971583387908,0.581725162867523,>150,0.3,0.2,381.725162867523,LOGRA,"ARIMA(0,1,1)",strict,ok,266.0,155.0,DIRIS LIMA ESTE,LIMA,CSMC CIENEGUILLA,ACTIVO,1.0,2.0,3.0,27.0,0.875,3+ medicos,True,True
00026996,CENTRO DE SALUD MENTAL COMUNITARIO DAVID TEJADA DE RIVERO,LIMA DIRIS ESTE,5,61,56,12.2,85.4,81.8363727001312,146.4,137.836372700131,0.94150527800636,101-150,0.4,0.3,641.50527800636,LOGRA,"ARIMA(0,1,1)",strict,ok,146.0,138.0,DIRIS LIMA ESTE,LIMA,CSMC DAVID TEJADA DE RIVERO,ACTIVO,1.0,2.0,3.0,33.0,1.0,3+ medicos,True,True
00027290,CENTRO DE SALUD MENTAL COMUNITARIO EL AGUSTINO,LIMA DIRIS ESTE,5,98,43,19.6,137.2,75.8136372801416,235.2,118.813637280142,0.505160022449581,>150,0.3,0.2,305.160022449582,LOGRA,"ARIMA(0,1,1)",basic,ok,235.0,119.0,DIRIS LIMA ESTE,LIMA,CSMC EL AGUSTINO,ACTIVO,1.0,2.0,3.0,36.0,1.0,3+ medicos,True,True
00034187,CENTRO DE SALUD MENTAL COMUNITARIO LA FLORIDA,LIMA DIRIS ESTE,5,52,27,10.4,72.8,49.5898454400186,124.8,76.5898454400186,0.613700684615534,101-150,0.4,0.3,313.700684615534,LOGRA,"ARIMA(0,0,0)",basic,ok,125.0,77.0,DIRIS LIMA ESTE,LIMA,CSMC LA FLORIDA,ACTIVO,1.0,1.0,2.0,28.0,0.875,2 medicos,True,True
00033998,CENTRO DE SALUD MENTAL COMUNITARIO LAS COLINAS,LIMA DIRIS ESTE,5,62,36,12.4,86.8,44.746535831843,148.8,80.746535831843,0.542651450482815,101-150,0.4,0.3,242.651450482815,LOGRA,"ARIMA(2,0,0)",basic,ok,149.0,81.0,DIRIS LIMA ESTE,LIMA,CSMC LAS COLINAS,ACTIVO,1.0,1.0,2.0,28.0,0.875,2 medicos,True,True
00026999,CENTRO DE SALUD MENTAL COMUNITARIO SANTA ANITA,LIMA DIRIS ESTE,5,110,45,22.0,154.0,65.7584882401176,264.0,110.758488240118,0.419539728182264,>150,0.3,0.2,219.539728182264,LOGRA,"ARIMA(0,1,1)",strict,ok,264.0,111.0,DIRIS LIMA ESTE,LIMA,CSMC SANTA ANITA,ACTIVO,1.0,3.0,4.0,40.0,1.0,3+ medicos,True,True
00027068,CENTRO DE SALUD MENTAL COMUNITARIO SANTA ROSA DE HUAYCAN,LIMA DIRIS ESTE,4,26,21,6.5,45.5,44.3042216948536,71.5,65.3042216948536,0.91334575796998,60-100,0.5,0.35,375.563838646653,LOGRA,"ARIMA(1,1,0)",strict,ok,72.0,65.0,DIRIS LIMA ESTE,LIMA,CSMC SANTA ROSA DE HUAYCAN,ACTIVO,0.0,2.0,2.0,36.0,1.0,2 medicos,True,True
00029166,CENTRO DE SALUD MENTAL COMUNITARIO SANTISIMA VIRGEN DE LA CRUZ,LIMA DIRIS ESTE,5,103,47,20.6,144.2,67.7662640310502,247.2,114.76626403105,0.46426482213208,>150,0.3,0.2,264.26482213208,LOGRA,"ARIMA(1,0,2)",strict,ok,247.0,115.0,DIRIS LIMA ESTE,LIMA,CSMC SANTÍSIMA VIRGEN DE LA CRUZ,ACTIVO,1.0,2.0,3.0,27.0,0.75,3+ medicos,True,True
00034312,CENTRO DE SALUD MENTAL COMUNITARIO SOL DE CHOSICA,LIMA DIRIS ESTE,5,78,55,15.6,109.2,60.7508569340058,187.2,115.750856934006,0.61832722721157,>150,0.3,0.2,418.32722721157,LOGRA,"ARIMA(0,0,0)",basic,ok,187.0,116.0,DIRIS LIMA ESTE,LIMA,CSMC SOL DE CHOSICA,ACTIVO,0.0,1.0,1.0,26.0,1.0,0-1 medico,True,True
00025226,CENTRO DE SALUD MENTAL COMUNITARIO RENATO CASTRO DE LA MATA,LIMA DIRIS NORTE,5,47,25,9.4,65.8,34.6079472936478,112.8,59.6079472936478,0.528439249057161,101-150,0.4,0.3,228.439249057161,LOGRA,"ARIMA(2,1,0)",strict,ok,113.0,60.0,DIRIS LIMA NORTE,LIMA,RENATO CASTRO DE LA MATTA,ACTIVO,2.0,1.0,3.0,32.0,1.0,3+ medicos,True,True
00027057,CENTRO DE SALUD MENTAL COMUNITARIO RIJCHARIY (DESPIERTA),LIMA DIRIS NORTE,5,56,16,11.2,78.4,39.9053197982786,134.4,55.9053197982786,0.415962200880049,101-150,0.4,0.3,115.962200880049,LOGRA,"ARIMA(2,1,2)",strict,ok,134.0,56.0,DIRIS LIMA NORTE,LIMA,CSMC RIJCHARIY,ACTIVO,1.0,1.0,2.0,24.0,1.0,2 medicos,True,True
00024847,CENTRO DE SALUD MENTAL COMUNITARIO 12 DE NOVIEMBRE,LIMA DIRIS SUR,5,30,25,6.0,42.0,38.8438182672369,72.0,63.8438182672369,0.886719698156067,60-100,0.5,0.35,357.813132104045,LOGRA,"ARIMA(0,1,1)",strict,ok,72.0,64.0,DIRIS LIMA SUR,LIMA,CSMC 12 DE NOVIEMBRE,ACTIVO,0.0,3.0,3.0,33.0,1.0,3+ medicos,True,True
00031200,CENTRO DE SALUD MENTAL COMUNITARIO BALNEARIOS DEL SUR,LIMA DIRIS SUR,4,51,29,12.75,89.25,88.80375,140.25,117.80375,0.839955436720143,101-150,0.4,0.3,539.955436720143,LOGRA,"ARIMA(0,1,0)",strict,ok,140.0,118.0,DIRIS LIMA SUR,LIMA,CSMC BALNEARIOS DEL SUR,ACTIVO,0.0,1.0,1.0,17.0,1.0,0-1 medico,True,True
00027615,CENTRO DE SALUD MENTAL COMUNITARIO BARRANCO,LIMA DIRIS SUR,5,81,33,16.2,113.4,49.7272009245609,194.4,82.7272009245609,0.42555144508519,>150,0.3,0.2,225.55144508519,LOGRA,"ARIMA(1,1,0)",strict,ok,194.0,83.0,DIRIS LIMA SUR,LIMA,CSMC BARRANCO,ACTIVO,1.0,3.0,4.0,40.0,0.875,3+ medicos,True,True
00027622,CENTRO DE SALUD MENTAL COMUNITARIO EL SOL DE VILLA,LIMA DIRIS SUR,5,57,41,11.4,79.8,62.6790123574953,136.8,103.679012357495,0.757887517233153,101-150,0.4,0.3,457.887517233153,LOGRA,"ARIMA(0,1,1)",strict,ok,137.0,104.0,DIRIS LIMA SUR,LIMA,CSMC EL SOL DE VILLA,ACTIVO,1.0,2.0,3.0,38.0,1.0,3+ medicos,True,True
00024374,CENTRO DE SALUD MENTAL COMUNITARIO NANCY REYES BAHAMONDE,LIMA DIRIS SUR,5,100,29,20.0,140.0,54.6697255962597,240.0,83.6697255962597,0.348623856651082,>150,0.3,0.2,148.623856651082,LOGRA,"ARIMA(1,0,2)",strict,ok,240.0,84.0,DIRIS LIMA SUR,LIMA,CSMC NANCY REYES BARAHAMONDE,ACTIVO,1.0,2.0,3.0,35.0,1.0,3+ medicos,True,True
00006155,CENTRO DE SALUD MENTAL COMUNITARIO SAN GABRIEL ALTO,LIMA DIRIS SUR,5,41,39,8.2,57.4,57.113,98.4,96.113,0.976758130081301,60-100,0.5,0.35,417.838753387534,LOGRA,"ARIMA(0,1,0)",strict,ok,98.0,96.0,DIRIS LIMA SUR,LIMA,CSMC SAN GABRIEL ALTO,ACTIVO,1.0,2.0,3.0,46.0,1.0,3+ medicos,True,True
00034079,CENTRO DE SALUD MENTAL COMUNITARIO SAN PEDRO DE LURIN,LIMA DIRIS SUR,5,142,26,28.4,198.8,88.3555555555555,340.8,114.355555555555,0.335550339071466,>150,0.3,0.2,135.550339071466,LOGRA,"ARIMA(0,1,0)",basic,ok,341.0,114.0,DIRIS LIMA SUR,LIMA,CSMC SAN PEDRO DE LURIN,ACTIVO,0.0,2.0,2.0,23.0,0.875,2 medicos,True,True
00026221,CENTRO DE SALUD MENTAL COMUNITARIO SAN SEBASTIAN,LIMA DIRIS SUR,4,22,18,5.5,38.5,38.1009920985897,60.5,56.1009920985897,0.927289125596524,60-100,0.5,0.35,384.859417064349,LOGRA,"ARIMA(2,1,2)",strict,ok,60.0,56.0,DIRIS LIMA SUR,LIMA,CSMC SAN SEBASTIAN,ACTIVO,1.0,2.0,3.0,34.0,1.0,3+ medicos,True,True
00026282,CENTRO DE SALUD MENTAL COMUNITARIO VILLA EL SALVADOR,LIMA DIRIS SUR,5,34,16,6.8,47.6,27.8554564384154,81.6,43.8554564384154,0.537444319098228,60-100,0.5,0.35,124.962879398819,LOGRA,"ARIMA(2,1,0)",strict,ok,82.0,44.0,DIRIS LIMA SUR,LIMA,CSMC VES,ACTIVO,1.0,3.0,4.0,40.0,1.0,3+ medicos,True,True
00029636,CENTRO DE SALUD MENTAL COMUNITARIO VIRGEN DE LA MERCED,LIMA DIRIS SUR,5,143,56,28.6,200.2,47.1058823529412,343.2,103.105882352941,0.300425065130948,>150,0.3,0.2,100.425065130948,LOGRA,"ARIMA(0,1,0)",strict,ok,343.0,103.0,DIRIS LIMA SUR,LIMA,CSMC VIRGEN DE LA MERCED,ACTIVO,1.0,2.0,3.0,29.0,1.0,3+ medicos,True,True
00034083,CENTRO DE SALUD MENTAL COMUNITARIO SANTA EULALIA AUGUSTO GALVAN MONTOYA,LIMA REGION,5,17,9,3.4,23.8,15.6879435460622,40.8,24.6879435460622,0.605096655540741,40-59,0.6,0.4,102.54832777037,LOGRA,"ARIMA(0,1,1)",basic,ok,41.0,25.0,LIMA REGIÓN,HUAROCHIRI,"CSMC SANTA EULALIA ""AUGUSTO GALVAN MONTOYA""",ACTIVO,0.0,1.0,1.0,19.0,1.0,0-1 medico,True,True
00028682,SALUD MENTAL COMUNITARIO MAZUKO,MADRE DE DIOS,5,57,35,11.4,79.8,50.1498092370546,136.8,85.1498092370546,0.622440126001861,101-150,0.4,0.3,322.440126001861,LOGRA,"ARIMA(0,1,2)",strict,ok,137.0,85.0,MADRE DE DIOS,TAMBOPATA,CSMC MAZUKO,ACTIVO,2.0,0.0,2.0,19.0,0.75,2 medicos,True,True
00028350,CENTRO DE SALUD MENTAL COMUNITARIO OMATE,MOQUEGUA,5,18,14,3.6,25.2,21.9583232574199,43.2,35.95832325742,0.832368593921758,40-59,0.6,0.4,216.184296960879,LOGRA,"ARIMA(0,1,1)",strict,ok,43.0,36.0,MOQUEGUA,GENERAL SANCHEZ CERRO,CSMC OMATE,ACTIVO,2.0,1.0,3.0,24.0,0.875,3+ medicos,True,True
00023034,CENTRO SALUD MENTAL COMUNITARIO ILO,MOQUEGUA,5,28,15,5.6,39.2,23.6116310654881,67.2,38.6116310654881,0.57457784323643,60-100,0.5,0.35,149.71856215762,LOGRA,"ARIMA(2,1,0)",strict,ok,67.0,39.0,MOQUEGUA,ILO,CSMC ILO,ACTIVO,1.0,1.0,2.0,27.0,0.875,2 medicos,True,True
00026304,CENTRO DE SALUD MENTAL COMUNITARIO OXAPAMPA,PASCO,5,42,21,8.4,58.8,25.4779353195254,100.8,46.4779353195254,0.461090628169894,101-150,0.4,0.3,161.090628169894,LOGRA,"ARIMA(0,0,0)",strict,ok,101.0,46.0,PASCO,PASCO,CSMC OXAPAMPA,ACTIVO,1.0,0.0,1.0,28.0,0.5,0-1 medico,True,True
00031459,CENTRO DE SALUD MENTAL COMUNITARIO EL BUEN SAMARITANO,PIURA,5,25,20,5.0,35.0,31.6867190288513,60.0,51.6867190288513,0.861445317147521,60-100,0.5,0.35,340.963544765014,LOGRA,"ARIMA(0,1,2)",strict,ok,60.0,52.0,PIURA,AYABACAS,CSMC EL BUEN SAMARITANO,ACTIVO,1.0,0.0,1.0,24.0,0.75,0-1 medico,True,True
00024988,CENTRO DE SALUD MENTAL COMUNITARIO JESUS REDENTOR,PIURA,5,85,36,17.0,119.0,37.0236522230725,204.0,73.0236522230724,0.357959079524865,>150,0.3,0.2,157.959079524865,LOGRA,"ARIMA(1,1,0)",strict,ok,204.0,73.0,PIURA,SULLANA,CSMC JESUS REDENTOR,ACTIVO,2.0,1.0,3.0,40.0,1.0,3+ medicos,True,True
00025214,CENTRO DE SALUD MENTAL COMUNITARIO MADRE DEL PERPETUO SOCORRO,PIURA,5,55,30,11.0,77.0,40.6526378023777,132.0,70.6526378023777,0.535247256078619,101-150,0.4,0.3,235.247256078619,LOGRA,"ARIMA(0,0,0)",strict,ok,132.0,71.0,PIURA,SULLANA,CSMC MADRE DEL PERPETUO SOCORRO,ACTIVO,2.0,1.0,3.0,37.0,0.75,3+ medicos,True,True
00031075,CERNTRO DE SALUD MENTAL COMUNITARIO DE VICE,PIURA,5,18,17,3.6,25.2,24.8380442494281,43.2,41.8380442494282,0.96847324651454,40-59,0.6,0.4,284.23662325727,LOGRA,"ARIMA(0,1,1)",strict,ok,43.0,42.0,PIURA,SECHURA,CSMC DE VICE,ACTIVO,1.0,1.0,2.0,28.0,1.0,2 medicos,True,True
00029833,CENTRO DE SALUD MENTAL COMUNITARIO ALFREDO MENDIGURI PINEDA DE PUNO,PUNO,5,46,21,9.2,64.4,25.2377425147986,110.4,46.2377425147986,0.418820131474625,101-150,0.4,0.3,118.820131474625,LOGRA,"ARIMA(1,1,1)",strict,ok,110.0,46.0,PUNO,PUNO,CSMC ALFREDO MENDIGURI PINEDA,ACTIVO,1.0,1.0,2.0,28.0,1.0,2 medicos,True,True
00025975,CENTRO DE SALUD MENTAL COMUNITARIO ALLIN KAWSAY - AYAVIRI,PUNO,5,55,20,11.0,77.0,35.4456623993207,132.0,55.4456623993207,0.420042896964551,101-150,0.4,0.3,120.042896964551,LOGRA,"ARIMA(0,0,2)",strict,ok,132.0,55.0,PUNO,MELGAR,CSMC ALLIN KAWSAY - AYAVIRI,ACTIVO,1.0,0.0,1.0,29.0,0.625,0-1 medico,True,True
00029835,CENTRO DE SALUD MENTAL COMUNITARIO BUEN AMANECER - ACORA,PUNO,5,74,48,14.8,103.6,70.1666105821974,177.6,118.166610582197,0.665352537061922,>150,0.3,0.2,465.352537061922,LOGRA,"ARIMA(0,1,1)",strict,ok,178.0,118.0,PUNO,PUNO,CSMC BUEN AMANECER ACORA,ACTIVO,1.0,1.0,2.0,26.0,1.0,2 medicos,True,True
00033540,CENTRO DE SALUD MENTAL COMUNITARIO RIKCHARIY KUSIKUSPA - MACUSANI,PUNO,5,112,47,22.4,156.8,59.3297297297297,268.8,106.32972972973,0.395571911196911,>150,0.3,0.2,195.571911196911,LOGRA,"ARIMA(0,1,0)",basic,ok,269.0,106.0,PUNO,CARABAYA,CSMC RIKCHARIY KUSIKUSPA DE MACUSANI,ACTIVO,1.0,1.0,2.0,28.0,1.0,2 medicos,True,True
00032503,CENTRO DE SALUD MENTAL COMUNITARIO NUEVA CAJAMARCA,SAN MARTIN,5,24,16,4.8,33.6,31.4733908288177,57.6,47.4733908288177,0.824190813000306,40-59,0.6,0.4,212.095406500153,LOGRA,"ARIMA(1,1,2)",basic,ok,58.0,47.0,SAN MARTIN,RIOJA,CSMC NUEVA CAJAMARCA,ACTIVO,1.0,2.0,3.0,28.0,1.0,3+ medicos,True,True
00027954,CENTRO DE SALUD MENTAL COMUNITARIO LA HEROICA,TACNA,5,34,32,6.8,47.6,45.8059397147302,81.6,77.8059397147302,0.953504163170713,60-100,0.5,0.35,402.336108780475,LOGRA,"ARIMA(0,1,1)",strict,ok,82.0,78.0,TACNA,TACNA,CSMC LA HEROICA,ACTIVO,1.0,1.0,2.0,29.0,0.875,2 medicos,True,True
00027064,CENTRO DE SALUD MENTAL COMUNITARIO VALLE POCOLLAY,TACNA,5,19,16,3.8,26.6,24.4907331269315,45.6,40.4907331269315,0.887954673836218,40-59,0.6,0.4,243.977336918109,LOGRA,"ARIMA(2,1,1)",strict,ok,46.0,40.0,TACNA,TACNA,CSMC VALLE POCOLLAY,ACTIVO,1.0,1.0,2.0,29.0,0.875,2 medicos,True,True
00032635,CENTRO DE SALUD MENTAL COMUNITARIO VILLA DEL NORTE,TACNA,5,33,31,6.6,46.2,45.5278195600674,79.2,76.5278195600674,0.966260347980649,60-100,0.5,0.35,410.840231987099,LOGRA,"ARIMA(1,1,0)",strict,ok,79.0,77.0,TACNA,TACNA,CSMC VILLA DEL NORTE,ACTIVO,1.0,1.0,2.0,29.0,0.75,2 medicos,True,True
00025831,CENTRO DE SALUD MENTAL COMUNITARIO VILLA TACNA,TACNA,5,74,59,14.8,103.6,93.2262735495018,177.6,152.226273549502,0.857129918634582,>150,0.3,0.2,657.129918634582,LOGRA,"ARIMA(0,1,1)",strict,ok,178.0,152.0,TACNA,TACNA,CSMC VILLA TACNA,ACTIVO,1.0,1.0,2.0,31.0,0.75,2 medicos,True,True
00032461,CENTRO DE SALUD MENTAL COMUNITARIO EL GRAN CHILIMASA - CORRALES,TUMBES,5,36,21,7.2,50.4,33.7631151959053,86.4,54.7631151959053,0.63383235180446,60-100,0.5,0.35,189.22156786964,LOGRA,"ARIMA(0,1,2)",strict,ok,86.0,55.0,TUMBES,TUMBES,CSMC EL GRAN CHILIMASA -CORRALES,ACTIVO,1.0,1.0,2.0,25.0,1.0,2 medicos,True,True
00028683,CENTRO DE SALUD MENTAL COMUNITARIO BENA MANATI,UCAYALI,5,62,43,12.4,86.8,68.692940807008,148.8,111.692940807008,0.750624602197634,101-150,0.4,0.3,450.624602197634,LOGRA,"ARIMA(2,1,2)",strict,ok,149.0,112.0,UCAYALI,CORONEL PORTILLO,CSMC BENA MANATI,ACTIVO,1.0,1.0,2.0,22.0,0.875,2 medicos,True,True
00029247,CENTRO DE SALUD MENTAL COMUNITARIO NUEVO AMANECER,UCAYALI,5,27,20,5.4,37.8,27.3843879486304,64.8,47.3843879486304,0.731240554762816,60-100,0.5,0.35,254.160369841877,LOGRA,"ARIMA(0,1,1)",strict,ok,65.0,47.0,UCAYALI,CORONEL PORTILLO,CSMC NUEVO AMANECER,ACTIVO,1.0,1.0,2.0,28.0,0.75,2 medicos,True,True
00027062,CENTRO DE SALUD MENTAL COMUNITARIO PROCERES DE LA INDEPENDENCIA,UCAYALI,5,39,29,7.8,54.6,46.6677477738551,93.6,75.6677477738551,0.808416108695034,60-100,0.5,0.35,305.610739130022,LOGRA,"ARIMA(0,1,1)",strict,ok,94.0,76.0,UCAYALI,CORONEL PORTILLO,CSMC PROCERES DE LA INDEPENDENCIA,ACTIVO,1.0,1.0,2.0,31.0,0.5,2 medicos,True,True
00030785,CENTRO DE SALUD MENTAL COMUNITARIO UNIVERSITARIO MAYUSHIN,UCAYALI,5,75,64,15.0,105.0,72.6923076923077,180.0,136.692307692308,0.759401709401709,>150,0.3,0.2,559.401709401709,LOGRA,"ARIMA(0,1,0)",basic,ok,180.0,137.0,UCAYALI,CORONEL PORTILLO,CSMCU MAYUSHIN,ACTIVO,1.0,1.0,2.0,25.0,0.75,2 medicos,True,True
00027354,AYLLU SACHAPUYOS,AMAZONAS,5,75,5,15.0,105.0,8.07692307692307,180.0,13.0769230769231,0.0726495726495726,>150,0.3,0.2,-127.350427350427,NO_LOGRA,"ARIMA(0,1,0)",basic,ok,180.0,13.0,AMAZONAS,CHACHAPOYAS,CSMC AYLLU SHACHAPUYOS,ACTIVO,1.0,1.0,2.0,32.0,1.0,2 medicos,True,False
00027134,CENTRO DE SALUD MENTAL COMUNITARIO DOS DE JUNIO,ANCASH,5,38,19,7.6,53.2,1.06106721443448,91.2,20.0610672144345,0.219967842263536,60-100,0.5,0.35,-86.6881051576427,NO_LOGRA,"ARIMA(1,1,0)",strict,ok,91.0,20.0,ANCASH,SANTA,CSMC DOS DE JUNIO,ACTIVO,1.0,1.0,2.0,29.0,1.0,2 medicos,True,False
00030894,CENTRO DE SALUD MENTAL COMUNITARIO QORI QOYLLUR,ANCASH,5,51,20,10.2,71.4,23.6950993319756,122.4,43.6950993319756,0.356986105653395,101-150,0.4,0.3,56.9861056533952,NO_LOGRA,"ARIMA(2,0,2)",strict,ok,122.0,44.0,ANCASH,HUAYLAS,CSMC QORI QOYLLUR,ACTIVO,1.0,1.0,2.0,22.0,0.875,2 medicos,True,False
00029064,CENTRO DE SALUD MENTAL COMUNITARIO MUSUQ ILLARY,APURIMAC,5,30,5,6.0,42.0,4.09520359808148,72.0,9.09520359808148,0.126322272195576,60-100,0.5,0.35,-149.118485202949,NO_LOGRA,"ARIMA(0,1,1)",strict,ok,72.0,9.0,APURÍMAC,COTABAMBAS,CSMC MUSUQ ILLARY,ACTIVO,1.0,1.0,2.0,23.0,0.875,2 medicos,True,False
00025996,CENTRO DE SALUD MENTAL COMUNITARIO QHALI KAY,APURIMAC,5,71,10,14.2,99.4,1.21283991071718,170.4,11.2128399107172,0.0658030511192323,>150,0.3,0.2,-134.196948880768,NO_LOGRA,"ARIMA(2,1,2)",strict,ok,170.0,11.0,APURÍMAC,ABANCAY,CSMC QHALI KAY,ACTIVO,1.0,1.0,2.0,29.0,0.875,2 medicos,True,False
00030686,CENTRO DE SALUD MENTAL COMUNITARIO SAN JERONIMO,APURIMAC,5,35,17,7.0,49.0,12.1254913816259,84.0,29.1254913816259,0.346732040257451,60-100,0.5,0.35,-2.17863982836571,NO_LOGRA,"ARIMA(0,1,1)",strict,ok,84.0,29.0,APURÍMAC,ANDAHUAYLAS,CSMC SAN JERONIMO,ACTIVO,1.0,0.0,1.0,27.0,0.75,0-1 medico,True,False
00028679,CENTRO DE SALUD MENTAL COMUNITARIO SUMAQ KAWSAY,APURIMAC,5,36,5,7.2,50.4,8.93457808130256,86.4,13.9345780813026,0.161279838903965,60-100,0.5,0.35,-125.81344073069,NO_LOGRA,"ARIMA(0,1,1)",strict,ok,86.0,14.0,APURÍMAC,CHINCHEROS,CSMC SUMAQ KAWSAY,ACTIVO,1.0,2.0,3.0,27.0,1.0,3+ medicos,True,False
00025066,CENTRO DE SALUD MENTAL COMUNITARIO AYELEN,AREQUIPA,5,74,17,14.8,103.6,27.6266666666667,177.6,44.6266666666667,0.251276276276277,>150,0.3,0.2,51.2762762762765,NO_LOGRA,"ARIMA(0,1,0)",strict,ok,178.0,45.0,AREQUIPA,AREQUIPA,CSMC AYELEN,ACTIVO,1.0,1.0,2.0,29.0,0.75,2 medicos,True,False
00027465,CENTRO DE SALUD MENTAL COMUNITARIO COCACHACRA,AREQUIPA,5,18,6,3.6,25.2,1.41675336696044,43.2,7.41675336696044,0.171684105716677,40-59,0.6,0.4,-114.157947141662,NO_LOGRA,"ARIMA(1,1,1)",strict,ok,43.0,7.0,AREQUIPA,ISLAY,CSMC COCACHACRA,ACTIVO,1.0,1.0,2.0,26.0,0.75,2 medicos,True,False
00024409,CENTRO DE SALUD MENTAL COMUNITARIO LA REAL C.C.U.,AREQUIPA,5,40,16,8.0,56.0,17.8341981024525,96.0,33.8341981024525,0.352439563567214,60-100,0.5,0.35,1.62637571147595,NO_LOGRA,"ARIMA(0,1,1)",strict,ok,96.0,34.0,AREQUIPA,CASTILLA,CSMC LA REAL C.C.U.,ACTIVO,1.0,1.0,2.0,22.0,1.0,2 medicos,True,False
00023969,CENTRO DE SALUD MENTAL COMUNITARIO MAJES,AREQUIPA,5,32,6,6.4,44.8,3.64510876068336,76.8,9.64510876068336,0.125587353654731,60-100,0.5,0.35,-149.608430896846,NO_LOGRA,"ARIMA(0,1,1)",strict,ok,77.0,10.0,AREQUIPA,CAYLLOMA,CMSC MAJES,ACTIVO,0.0,0.0,0.0,24.0,0.75,0-1 medico,True,False
00032056,CENTRO DE SALUD MENTAL COMUNITARIO MIRAFLORES,AREQUIPA,5,17,2,3.4,23.8,0.522600291797029,40.8,2.52260029179703,0.061828438524437,40-59,0.6,0.4,-169.085780737782,NO_LOGRA,"ARIMA(0,0,0)",strict,ok,41.0,3.0,AREQUIPA,AREQUIPA,CSMC MIRAFLORES,ACTIVO,1.0,1.0,2.0,25.0,0.625,2 medicos,True,False
00027843,CENTRO DE SALUD MENTAL COMUNITARIO SAN MARTIN DE PORRES,AREQUIPA,5,26,7,5.2,36.4,12.2765752987683,62.4,19.2765752987683,0.3089194759418,60-100,0.5,0.35,-27.3870160388003,NO_LOGRA,"ARIMA(0,1,1)",strict,ok,62.0,19.0,AREQUIPA,AREQUIPA,CSMC SAN MARTIN DE PORRES,ACTIVO,0.0,1.0,1.0,24.0,1.0,0-1 medico,True,False
00023488,CENTRO DE SALUD MENTAL COMUNITARIO SIMON BOLIVAR,AREQUIPA,5,39,16,7.8,54.6,17.9433396308058,93.6,33.9433396308058,0.362642517423139,60-100,0.5,0.35,8.42834494875962,NO_LOGRA,"ARIMA(0,1,1)",strict,ok,94.0,34.0,AREQUIPA,AREQUIPA,CSMC SIMON BOLIVAR,ACTIVO,1.0,4.0,5.0,29.0,0.75,3+ medicos,True,False
00030346,CENTRO DE SALUD MENTAL COMUNITARIO SOCABAYA,AREQUIPA,5,43,10,8.6,60.2,9.50611511527955,103.2,19.5061151152795,0.189012743365112,101-150,0.4,0.3,-110.987256634888,NO_LOGRA,"ARIMA(0,1,1)",strict,ok,103.0,20.0,AREQUIPA,AREQUIPA,CSMC SOCABAYA,ACTIVO,0.0,1.0,1.0,24.0,1.0,0-1 medico,True,False
00026014,CENTRO DE SALUD MENTAL COMUNITARIO BELLA ESMERALDA´´ - HUANTA,AYACUCHO,5,28,11,5.6,39.2,7.26868893528329,67.2,18.2686889352833,0.271855490108382,60-100,0.5,0.35,-52.0963399277451,NO_LOGRA,"ARIMA(0,1,1)",strict,ok,67.0,18.0,AYACUCHO,HUANTA,CSMC BELLA ESMERALDA,ACTIVO,1.0,2.0,3.0,23.0,0.875,3+ medicos,True,False
00032624,CENTRO DE SALUD MENTAL COMUNITARIO - FE Y ESPERANZA,CAJAMARCA,5,21,7,4.2,29.4,7.5718495820103,50.4,14.5718495820103,0.289123999643062,40-59,0.6,0.4,-55.4380001784692,NO_LOGRA,"ARIMA(1,0,0)",basic,ok,50.0,15.0,CAJAMARCA,SANTA CRUZ,CSMC FE Y ESPERANZA,ACTIVO,1.0,1.0,2.0,31.0,1.0,2 medicos,True,False
00034011,CENTRO DE SALUD MENTAL COMUNITARIO CAMINANDO JUNTOS,CAJAMARCA,5,117,21,23.4,163.8,19.0133413963476,280.8,40.0133413963476,0.142497654545398,>150,0.3,0.2,-57.5023454546025,NO_LOGRA,"ARIMA(1,1,0)",basic,ok,281.0,40.0,CAJAMARCA,CAJAMARCA,CSMC CAMINANDO JUNTOS,ACTIVO,1.0,0.0,1.0,28.0,0.75,0-1 medico,True,False
00033480,CENTRO DE SALUD MENTAL COMUNITARIO CELENDIN,CAJAMARCA,5,48,8,9.6,67.2,1.10914844009375,115.2,9.10914844009375,0.0790724690980361,101-150,0.4,0.3,-220.927530901964,NO_LOGRA,"ARIMA(0,1,2)",basic,ok,115.0,9.0,CAJAMARCA,CELENDIN,CSMC CELENDIN,ACTIVO,1.0,1.0,2.0,24.0,1.0,2 medicos,True,False
00029190,CENTRO DE SALUD MENTAL COMUNITARIO COLOREANDO TU VIDA,CAJAMARCA,5,41,12,8.2,57.4,6.00055424264232,98.4,18.0005542426423,0.182932461815471,60-100,0.5,0.35,-111.378358789686,NO_LOGRA,"ARIMA(0,0,0)",strict,ok,98.0,18.0,CAJAMARCA,CAJABAMBA,CSMC COLOREANDO TU VIDA,ACTIVO,1.0,1.0,2.0,16.0,1.0,2 medicos,True,False
00027069,CENTRO DE SALUD MENTAL COMUNITARIO ESPERANZA DE VIDA,CAJAMARCA,5,47,13,9.4,65.8,17.1607554669834,112.8,30.1607554669834,0.267382583927158,101-150,0.4,0.3,-32.6174160728422,NO_LOGRA,"ARIMA(2,1,0)",strict,ok,113.0,30.0,CAJAMARCA,CAJAMARCA,CSMC ESPERANZA DE VIDA,ACTIVO,1.0,0.0,1.0,24.0,0.75,0-1 medico,True,False
00025207,CENTRO DE SALUD MENTAL COMUNITARIO JAEN,CAJAMARCA,5,22,10,4.4,30.8,7.02594811150423,52.8,17.0259481115042,0.322461138475459,40-59,0.6,0.4,-38.7694307622706,NO_LOGRA,"ARIMA(0,1,1)",strict,ok,53.0,17.0,CAJAMARCA,JAÉN,CSMC JAÉN,ACTIVO,1.0,1.0,2.0,25.0,0.875,2 medicos,True,False
00028745,CENTRO DE SALUD MENTAL COMUNITARIO PLENITUD,CAJAMARCA,5,36,5,7.2,50.4,2.12989431524686,86.4,7.12989431524686,0.0825219249449868,60-100,0.5,0.35,-178.318716703342,NO_LOGRA,"ARIMA(2,1,1)",basic,ok,86.0,7.0,CAJAMARCA,CUTERVO,CSMC PLENITUD,ACTIVO,1.0,0.0,1.0,22.0,0.5,0-1 medico,True,False
00026186,CENTRO DE SALUD MENTAL COMUNITARIO RENACER,CAJAMARCA,5,48,13,9.6,67.2,26.9036188643331,115.2,39.9036188643331,0.346385580419558,101-150,0.4,0.3,46.3855804195581,NO_LOGRA,"ARIMA(0,1,1)",basic,ok,115.0,40.0,CAJAMARCA,CHOTA,CSMC RENACER,ACTIVO,1.0,1.0,2.0,31.0,1.0,2 medicos,True,False
00029132,CENTRO DE SALUD MENTAL COMUNITARIO CARMEN DE LA LEGUA REYNOSO,CALLAO,5,43,10,8.6,60.2,8.59588586775433,103.2,18.5958858677543,0.180192692516999,101-150,0.4,0.3,-119.807307483001,NO_LOGRA,"ARIMA(0,1,1)",strict,ok,103.0,19.0,CALLAO,CALLAO,CSMC CARMEN DE LA LEGUA REYNOSO,ACTIVO,2.0,1.0,3.0,20.0,1.0,3+ medicos,True,False
00026983,CENTRO DE SALUD MENTAL COMUNITARIO LA PERLA,CALLAO,5,49,12,9.8,68.6,11.6762340337795,117.6,23.6762340337795,0.201328520695404,101-150,0.4,0.3,-98.6714793045962,NO_LOGRA,"ARIMA(2,1,2)",strict,ok,118.0,24.0,CALLAO,CALLAO,CSMC LA PERLA,ACTIVO,1.0,1.0,2.0,27.0,1.0,2 medicos,True,False
00020823,CENTRO DE SALUD MENTAL COMUNITARIO SARITA COLONIA,CALLAO,5,51,17,10.2,71.4,13.841103139075,122.4,30.841103139075,0.251969796887868,101-150,0.4,0.3,-48.030203112132,NO_LOGRA,"ARIMA(0,1,1)",strict,ok,122.0,31.0,CALLAO,CALLAO,CSMC SARITA COLONIA,ACTIVO,1.0,1.0,2.0,26.0,1.0,2 medicos,True,False
00031271,CENTRO DE SALUD MENTAL COMUNITARIO UNIVERSITARIO CALLAO,CALLAO,5,62,2,12.4,86.8,1.56292475517019,148.8,3.56292475517019,0.0239443867954986,101-150,0.4,0.3,-276.055613204501,NO_LOGRA,"ARIMA(0,1,1)",strict,ok,149.0,4.0,CALLAO,CALLAO,CSMCU CALLAO,ACTIVO,0.0,1.0,1.0,19.0,0.875,0-1 medico,True,False
00032158,CENTRO DE SALUD MENTAL COMUNITARIO VENTANILLA NORTE,CALLAO,5,13,4,2.6,18.2,0.711622003239324,31.2,4.71162200323932,0.15101352574485,30-39,0.65,0.45,-149.493237127575,NO_LOGRA,"ARIMA(0,1,1)",strict,ok,31.0,5.0,CALLAO,CALLAO,CSMC VENTANILLA NORTE,ACTIVO,0.0,1.0,1.0,24.0,1.0,0-1 medico,True,False
00030366,MENTAL COMUNITARIO ESPINAR MUSUQ KAWSAY,CUSCO,5,65,18,13.0,91.0,15.2581764053121,156.0,33.2581764053121,0.21319343849559,>150,0.3,0.2,13.1934384955905,NO_LOGRA,"ARIMA(0,0,0)",strict,ok,156.0,33.0,CUSCO,ESPINAR,"CSMC DE ESPINAR ""MUSUQ KAWSAY",ACTIVO,1.0,1.0,2.0,23.0,1.0,2 medicos,True,False
00033988,MENTAL COMUNITARIO PICHARI,CUSCO,5,86,22,17.2,120.4,31.6842105263158,206.4,53.6842105263158,0.260097919216646,>150,0.3,0.2,60.0979192166462,NO_LOGRA,"ARIMA(0,1,0)",basic,ok,206.0,54.0,CUSCO,LA CONVENCION,CSMC PICHARI,ACTIVO,2.0,1.0,3.0,34.0,1.0,3+ medicos,True,False
00026387,MENTAL COMUNITARIO SICUANI,CUSCO,5,30,13,6.0,42.0,15.8533703831007,72.0,28.8533703831007,0.400741255320843,60-100,0.5,0.35,33.8275035472288,NO_LOGRA,"ARIMA(0,1,1)",strict,ok,72.0,29.0,CUSCO,CANCHIS,CSMC MENTAL COMUNITARIO SICUANI,ACTIVO,1.0,1.0,2.0,27.0,0.875,2 medicos,True,False
00033777,MENTAL COMUNITARIO VIRGEN DEL ROSARIO,CUSCO,5,108,29,21.6,151.2,22.2836085956512,259.2,51.2836085956512,0.197853428223963,>150,0.3,0.2,-2.14657177603711,NO_LOGRA,"ARIMA(1,0,2)",basic,ok,259.0,51.0,CUSCO,PAUCARTAMBO,CSMC MENTAL COMUNITARIO VIRGEN DEL ROSARIO,ACTIVO,2.0,1.0,3.0,29.0,1.0,3+ medicos,True,False
00026386,MENTAL QUILLABAMBA,CUSCO,5,74,19,14.8,103.6,28.7815260313395,177.6,47.7815260313395,0.269040124050335,>150,0.3,0.2,69.0401240503348,NO_LOGRA,"ARIMA(0,1,1)",strict,ok,178.0,48.0,CUSCO,LA CONVENCIÓN,CSMC MENTAL QUILLABAMBA,ACTIVO,1.0,1.0,2.0,30.0,1.0,2 medicos,True,False
00026182,MENTAL SANTIAGO,CUSCO,5,61,23,12.2,85.4,21.2900866560874,146.4,44.2900866560874,0.302527914317537,101-150,0.4,0.3,2.52791431753685,NO_LOGRA,"ARIMA(0,0,1)",strict,ok,146.0,44.0,CUSCO,CUSCO,CSMC MENTAL SANTIAGO,ACTIVO,1.0,2.0,3.0,29.0,0.875,3+ medicos,True,False
00028842,CENTRO DE SALUD MENTAL COMUNITARIO BELLA DURMIENTE,HUANUCO,5,45,12,9.0,63.0,10.1606081461854,108.0,22.1606081461854,0.205190816168383,101-150,0.4,0.3,-94.8091838316168,NO_LOGRA,"ARIMA(0,0,0)",strict,ok,108.0,22.0,HUÁNUCO,LEONCIO PRADO,CSMC BELLA DURMIENTE,ACTIVO,1.0,1.0,2.0,30.0,0.75,2 medicos,True,False
00032280,CENTRO DE SALUD MENTAL COMUNITARIO LA PERLA DEL PACHITEA,HUANUCO,5,76,12,15.2,106.4,23.418053985959,182.4,35.418053985959,0.1941779275546,>150,0.3,0.2,-5.82207244540037,NO_LOGRA,"ARIMA(1,1,2)",strict,ok,182.0,35.0,HUÁNUCO,PUERTO INCA,CSMC LA PERLA DEL PACHITEA,ACTIVO,1.0,1.0,2.0,21.0,0.75,2 medicos,True,False
00028653,CENTRO DE SALUD MENTAL COMUNITARIO COLOR ESPERANZA,ICA,5,40,9,8.0,56.0,4.02690171331772,96.0,13.0269017133177,0.13569689284706,60-100,0.5,0.35,-142.86873810196,NO_LOGRA,"ARIMA(0,0,2)",basic,ok,96.0,13.0,ICA,ICA,CSMC COLOR ESPERANZA,ACTIVO,1.0,1.0,2.0,18.0,0.75,2 medicos,True,False
00027197,CENTRO DE SALUD MENTAL COMUNITARIO DECIDETE A SER FELIZ,ICA,5,95,27,19.0,133.0,22.4508545081601,228.0,49.4508545081601,0.216889712755088,>150,0.3,0.2,16.8897127550881,NO_LOGRA,"ARIMA(0,1,1)",strict,ok,228.0,49.0,ICA,NAZCA,CSMC DECÍDETE A SER FELIZ,ACTIVO,2.0,0.0,2.0,23.0,0.625,2 medicos,True,False
00030478,CENTRO DE SALUD MENTAL COMUNITARIO MENTE SANA PALPA,ICA,5,41,7,8.2,57.4,7.29052045708676,98.4,14.2905204570868,0.145228866433809,60-100,0.5,0.35,-136.514089044128,NO_LOGRA,"ARIMA(0,1,1)",strict,ok,98.0,14.0,ICA,PALPA,CSMC MENTE SANA,ACTIVO,1.0,1.0,2.0,27.0,1.0,2 medicos,True,False
00027199,CENTRO DE SALUD MENTAL COMUNITARIO NUEVO HORIZONTE,ICA,5,66,15,13.2,92.4,12.4495350297091,158.4,27.4495350297091,0.173292519126952,>150,0.3,0.2,-26.7074808730484,NO_LOGRA,"ARIMA(2,0,2)",strict,ok,158.0,27.0,ICA,CHINCHA,CSMC NUEVO HORIZONTE,ACTIVO,2.0,1.0,3.0,29.0,1.0,3+ medicos,True,False
00025933,CENTRO DE SALUD MENTAL COMUNITARIO TUPAC AMARU,ICA,5,50,8,10.0,70.0,14.8542044676385,120.0,22.8542044676385,0.190451703896987,101-150,0.4,0.3,-109.548296103013,NO_LOGRA,"ARIMA(0,0,0)",strict,ok,120.0,23.0,ICA,PISCO,CSMC TUPAC AMARU,ACTIVO,1.0,0.0,1.0,25.0,0.625,0-1 medico,True,False
00030167,CENTRO DE SALUD MENTAL COMUNITARIO CONCEPCION,JUNIN,5,82,22,16.4,114.8,1.70578993807204,196.8,23.705789938072,0.120456249685325,>150,0.3,0.2,-79.5437503146746,NO_LOGRA,"ARIMA(1,1,0)",strict,ok,197.0,24.0,JUNÍN,CONCEPCION,CSMC CONCEPCIÓN,ACTIVO,1.0,2.0,3.0,22.0,1.0,3+ medicos,True,False
00030165,CENTRO DE SALUD MENTAL COMUNITARIO LA OROYA,JUNIN,5,159,23,31.8,222.6,15.0763397668056,381.6,38.0763397668056,0.0997807645880649,>150,0.3,0.2,-100.219235411935,NO_LOGRA,"ARIMA(0,1,1)",strict,ok,382.0,38.0,JUNÍN,YAULI,CSMC LA OROYA,ACTIVO,1.0,1.0,2.0,24.0,1.0,2 medicos,True,False
00032541,CENTRO DE SALUD MENTAL COMUNITARIO PANGOA,JUNIN,5,75,22,15.0,105.0,23.3760895542361,180.0,45.3760895542361,0.252089386412423,>150,0.3,0.2,52.0893864124227,NO_LOGRA,"ARIMA(1,0,1)",strict,ok,180.0,45.0,JUNÍN,SATIPO,CSMC PANGOA,ACTIVO,1.0,1.0,2.0,27.0,1.0,2 medicos,True,False
00027078,CENTRO DE SALUD MENTAL COMUNITARIO SATIPO,JUNIN,5,33,9,6.6,46.2,8.31045098848677,79.2,17.3104509884868,0.218566300359681,60-100,0.5,0.35,-87.622466426879,NO_LOGRA,"ARIMA(1,1,2)",strict,ok,79.0,17.0,JUNÍN,SATIPO,CSMC SATIPO,ACTIVO,1.0,1.0,2.0,26.0,1.0,2 medicos,True,False
00027079,CENTRO DE SALUD MENTAL COMUNITARIO TARMA,JUNIN,5,67,21,13.4,93.8,27.1664962212164,160.8,48.1664962212163,0.299542886947863,>150,0.3,0.2,99.5428869478629,NO_LOGRA,"ARIMA(1,1,0)",strict,ok,161.0,48.0,JUNÍN,TARMA,CSMC TARMA,ACTIVO,1.0,1.0,2.0,27.0,0.75,2 medicos,True,False
00028949,CENTRO DE SALUD MENTAL COMUNITARIO YAUYOS,JUNIN,5,22,10,4.4,30.8,6.75365657339224,52.8,16.7536565733922,0.317304101768792,40-59,0.6,0.4,-41.3479491156039,NO_LOGRA,"ARIMA(2,0,1)",strict,ok,53.0,17.0,JUNÍN,JAUJA,CSMC YAUYOS,ACTIVO,2.0,1.0,3.0,31.0,1.0,3+ medicos,True,False
00021225,CENTRO DE SALUD MENTAL COMUNITARIA VIRU,LA LIBERTAD,5,48,17,9.6,67.2,3.12482135184086,115.2,20.1248213518409,0.174694629790285,101-150,0.4,0.3,-125.305370209715,NO_LOGRA,"ARIMA(2,1,0)",strict,ok,115.0,20.0,LA LIBERTAD,VIRU,CSMC VIRU,ACTIVO,2.0,0.0,2.0,15.0,0.625,2 medicos,True,False
00024497,CENTRO DE SALUD MENTAL COMUNITARIO CHICLAYO,LAMBAYEQUE,5,61,21,12.2,85.4,9.00433355024973,146.4,30.0043335502497,0.204947633539957,101-150,0.4,0.3,-95.0523664600428,NO_LOGRA,"ARIMA(0,0,0)",strict,ok,146.0,30.0,LAMBAYEQUE,CHICLAYO,CSMC CHICLAYO,ACTIVO,2.0,2.0,4.0,33.0,1.0,3+ medicos,True,False
00033134,CENTRO ESPECIALIZADO DE SALUD MENTAL COMUNITARIO CONEXION INTEGRAL - LA VICTOR,LAMBAYEQUE,5,24,18,4.8,33.6,13.4373073479973,57.6,31.4373073479973,0.545786585902731,40-59,0.6,0.4,72.8932929513653,NO_LOGRA,"ARIMA(0,0,0)",basic,ok,58.0,31.0,LAMBAYEQUE,CHICLAYO,CSMC CONEXIÓN INTEGRAL LA VICTORIA,ACTIVO,2.0,1.0,3.0,35.0,0.875,3+ medicos,True,False
00027703,CENTRO DE SALUD MENTAL COMUNITARIO HONORIO DELGADO,LIMA DIRIS CENTRO,5,75,23,15.0,105.0,30.5744547923913,180.0,53.5744547923913,0.297635859957729,>150,0.3,0.2,97.6358599577295,NO_LOGRA,"ARIMA(1,1,2)",strict,ok,180.0,54.0,DIRIS LIMA CENTRO,LIMA,CSMC HONORIO DELGADO,ACTIVO,1.0,4.0,5.0,32.0,0.875,3+ medicos,True,False
00027711,CENTRO DE SALUD MENTAL COMUNITARIO LA VICTORIA,LIMA DIRIS CENTRO,5,172,10,34.4,240.8,16.3112444099276,412.8,26.3112444099276,0.0637384796752122,>150,0.3,0.2,-136.261520324788,NO_LOGRA,"ARIMA(0,1,1)",strict,ok,413.0,26.0,DIRIS LIMA CENTRO,LIMA,CSMC LA VICTORIA,ACTIVO,1.0,4.0,5.0,38.0,1.0,3+ medicos,True,False
00027728,CENTRO DE SALUD MENTAL COMUNITARIO NUEVO PERU,LIMA DIRIS CENTRO,5,103,25,20.6,144.2,35.0124412650549,247.2,60.0124412650549,0.242768775344073,>150,0.3,0.2,42.7687753440734,NO_LOGRA,"ARIMA(0,1,1)",strict,ok,247.0,60.0,DIRIS LIMA CENTRO,LIMA,CSMC NUEVO PERÚ,ACTIVO,1.0,0.0,1.0,26.0,0.75,0-1 medico,True,False
00033397,CENTRO DE SALUD MENTAL COMUNITARIO SAN COSME,LIMA DIRIS CENTRO,5,24,1,4.8,33.6,0.168,57.6,1.168,0.0202777777777778,40-59,0.6,0.4,-189.861111111111,NO_LOGRA,"ARIMA(1,1,0)",basic,ok,58.0,1.0,DIRIS LIMA CENTRO,LIMA,CSMC SAN COSME,BAJA PROVISIONAL,,,,,0.0,Sin dato,True,False
00028401,CENTRO DE SALUD MENTAL COMUNITARIO UNIVERSITARIO SAN MARCOS,LIMA DIRIS CENTRO,5,137,11,27.4,191.8,6.2873759892348,328.8,17.2873759892348,0.0525771775828309,>150,0.3,0.2,-147.422822417169,NO_LOGRA,"ARIMA(0,1,1)",strict,ok,329.0,17.0,DIRIS LIMA CENTRO,LIMA,CSMCU SAN MARCOS,ACTIVO,1.0,2.0,3.0,28.0,0.75,3+ medicos,True,False
00027244,CENTRO DE SALUD MENTAL COMUNITARIO ASIRI (SONRISA),LIMA DIRIS NORTE,5,31,10,6.2,43.4,13.9368189942239,74.4,23.9368189942239,0.321731438094408,60-100,0.5,0.35,-18.8457079370615,NO_LOGRA,"ARIMA(0,1,1)",strict,ok,74.0,24.0,DIRIS LIMA NORTE,LIMA,CSMC ASIRI (SONRISA),ACTIVO,1.0,1.0,2.0,27.0,1.0,2 medicos,True,False
00021104,CENTRO DE SALUD MENTAL COMUNITARIO CARABAYLLO,LIMA DIRIS NORTE,5,197,68,39.4,275.8,46.4445672319317,472.8,114.444567231932,0.24205703729258,>150,0.3,0.2,42.0570372925798,NO_LOGRA,"ARIMA(0,0,0)",strict,ok,473.0,114.0,DIRIS LIMA NORTE,LIMA,CSMC CARABAYLLO,ACTIVO,3.0,2.0,5.0,46.0,0.625,3+ medicos,True,False
00027247,CENTRO DE SALUD MENTAL COMUNITARIO ILLARIMUN (AMANECER),LIMA DIRIS NORTE,5,26,7,5.2,36.4,15.5046539217211,62.4,22.5046539217211,0.360651505155787,60-100,0.5,0.35,7.10100343719115,NO_LOGRA,"ARIMA(1,1,0)",strict,ok,62.0,23.0,DIRIS LIMA NORTE,LIMA,CSMC ILLARIMUN,ACTIVO,2.0,1.0,3.0,35.0,0.75,3+ medicos,True,False
00029480,CENTRO DE SALUD MENTAL COMUNITARIO QISPIKAY,LIMA DIRIS NORTE,5,39,15,7.8,54.6,7.02898971955144,93.6,22.0289897195514,0.235352454268712,60-100,0.5,0.35,-76.431697154192,NO_LOGRA,"ARIMA(0,1,1)",strict,ok,94.0,22.0,DIRIS LIMA NORTE,LIMA,CSMC QISPIKAY,ACTIVO,1.0,1.0,2.0,29.0,1.0,2 medicos,True,False
00029478,CENTRO DE SALUD MENTAL COMUNITARIO SAMAY,LIMA DIRIS NORTE,5,39,19,7.8,54.6,27.3498447895199,93.6,46.3498447895199,0.495190649460683,60-100,0.5,0.35,96.793766307122,NO_LOGRA,"ARIMA(0,1,1)",strict,ok,94.0,46.0,DIRIS LIMA NORTE,LIMA,"CSMC SAMAY ""RESPIRA""",ACTIVO,1.0,1.0,2.0,20.0,0.75,2 medicos,True,False
00025771,CENTRO DE SALUD MENTAL COMUNITARIO LA MEDALLA MILAGROSA,LIMA DIRIS SUR,5,13,11,2.6,18.2,4.89710326400101,31.2,15.897103264001,0.509522540512853,30-39,0.65,0.45,29.7612702564264,NO_LOGRA,"ARIMA(0,0,2)",strict,ok,31.0,16.0,DIRIS LIMA SUR,LIMA,CSMC LA MEDALLA MILAGROSA,ACTIVO,0.0,1.0,1.0,24.0,1.0,0-1 medico,True,False
00027621,CENTRO DE SALUD MENTAL COMUNITARIO MONSENOR JOSE RAMON GURRUCHAGA,LIMA DIRIS SUR,5,28,19,5.6,39.2,13.2063121141674,67.2,32.2063121141674,0.479260596937014,60-100,0.5,0.35,86.1737312913429,NO_LOGRA,"ARIMA(1,1,0)",strict,ok,67.0,32.0,DIRIS LIMA SUR,LIMA,CSMC MONSEÑOR JOSE RAMON GURRUCHAGA,ACTIVO,0.0,2.0,2.0,35.0,1.0,2 medicos,True,False
00034038,CENTRO DE SALUD MENTAL COMUNITARIO RICARDO PALMA,LIMA DIRIS SUR,4,15,10,3.75,26.25,9.74301165758274,41.25,19.7430116575827,0.478618464426248,40-59,0.6,0.4,39.3092322131241,NO_LOGRA,"ARIMA(0,0,0)",basic,ok,41.0,20.0,DIRIS LIMA SUR,LIMA,CSMC RICARDO PALMA,ACTIVO,1.0,2.0,3.0,39.0,1.0,3+ medicos,True,False
00025772,CENTRO DE SALUD MENTAL COMUNITARIO SANTA ROSA DE MANCHAY,LIMA DIRIS SUR,5,71,21,14.2,99.4,6.89315963033913,170.4,27.8931596303391,0.163692251351755,>150,0.3,0.2,-36.3077486482445,NO_LOGRA,"ARIMA(0,1,1)",strict,ok,170.0,28.0,DIRIS LIMA SUR,LIMA,CENTRO DE SALUD MENTAL COMUNITARIO SANTA ROSA DE MANCHAY,ACTIVO,1.0,1.0,2.0,23.0,0.875,2 medicos,True,False
00030070,CENTRO DE SALUD MENTAL COMUNITARIO AYSANA,LIMA REGION,5,13,6,2.6,18.2,13.8238191048361,31.2,19.8238191048361,0.635378817462695,30-39,0.65,0.45,92.6894087313475,NO_LOGRA,"ARIMA(0,1,1)",basic,ok,31.0,20.0,LIMA REGIÓN,HUAURA,CSMC AYSANA,ACTIVO,2.0,1.0,3.0,26.0,1.0,3+ medicos,True,False
00027325,CENTRO DE SALUD MENTAL COMUNITARIO DE BARRANCA,LIMA REGION,5,39,13,7.8,54.6,8.12574205769983,93.6,21.1257420576998,0.225702372411323,60-100,0.5,0.35,-82.865085059118,NO_LOGRA,"ARIMA(0,1,1)",strict,ok,94.0,21.0,LIMA REGIÓN,BARRANCA,CSMC BARRANCA,ACTIVO,1.0,1.0,2.0,24.0,1.0,2 medicos,True,False
00029483,CENTRO DE SALUD MENTAL COMUNITARIO EL SOL,LIMA REGION,4,25,12,6.25,43.75,11.791115574971,68.75,23.791115574971,0.346052590181396,60-100,0.5,0.35,-2.63160654573587,NO_LOGRA,"ARIMA(0,0,0)",strict,ok,69.0,24.0,LIMA REGIÓN,CAÑETE,CSMC EL SOL,ACTIVO,0.0,2.0,2.0,29.0,1.0,2 medicos,True,False
00032290,CENTRO DE SALUD MENTAL COMUNITARIO ILLARI,LIMA REGION,5,148,22,29.6,207.2,33.8193858471894,355.2,55.8193858471894,0.157149171867087,>150,0.3,0.2,-42.8508281329127,NO_LOGRA,"ARIMA(0,0,0)",strict,ok,355.0,56.0,LIMA REGIÓN,HUAURA,CSMC ILLARI,ACTIVO,2.0,1.0,3.0,31.0,1.0,3+ medicos,True,False
00034411,CENTRO DE SALUD MENTAL COMUNITARIO INTIPALKA,LIMA REGION,5,43,13,8.6,60.2,10.5634367894567,103.2,23.5634367894567,0.228327875866829,101-150,0.4,0.3,-71.672124133171,NO_LOGRA,"ARIMA(1,1,0)",basic,ok,103.0,24.0,LIMA REGIÓN,HUAURA OYÓN,CSMC INTIPALKA,ACTIVO,1.0,1.0,2.0,27.0,1.0,2 medicos,True,False
00032892,CENTRO DE SALUD MENTAL COMUNITARIO LUIS MIGUEL CHANGA AREQUIPENO,LIMA REGION,4,14,2,3.5,24.5,3.46018478703952,38.5,5.46018478703952,0.141822981481546,30-39,0.65,0.45,-154.088509259227,NO_LOGRA,"ARIMA(0,1,1)",strict,ok,38.0,5.0,LIMA REGIÓN,BARRANCA,CSMC LUIS MIGUEL CHANGA AREQUIPEÑO,ACTIVO,1.0,1.0,2.0,25.0,1.0,2 medicos,True,False
00029482,CENTRO DE SALUD MENTAL COMUNITARIO PUERTO CHANCAY,LIMA REGION,5,29,8,5.8,40.6,8.88146427415038,69.6,16.8814642741504,0.242549774053885,60-100,0.5,0.35,-71.6334839640768,NO_LOGRA,"ARIMA(2,0,1)",strict,ok,70.0,17.0,LIMA REGIÓN,HUARAL,CSMC PUERTO CHANCAY,ACTIVO,1.0,1.0,2.0,23.0,0.875,2 medicos,True,False
00027162,CENTRO DE SALUD MENTAL COMUNITARIO VALLE DE LA ESPERANZA,LIMA REGION,5,14,3,2.8,19.6,2.88367261085188,33.6,5.88367261085188,0.175109303894401,30-39,0.65,0.45,-137.445348052799,NO_LOGRA,"ARIMA(0,1,1)",basic,ok,34.0,6.0,LIMA REGIÓN,CAÑETE,CSMC VALLE DE LA ESPERANZA,ACTIVO,1.0,1.0,2.0,22.0,1.0,2 medicos,True,False
00026052,CENTRO DE SALUD COMUNITARIO UKA YAKI TSA WA,LORETO,5,24,2,4.8,33.6,0.644099159339916,57.6,2.64409915933992,0.0459044992940958,40-59,0.6,0.4,-177.047750352952,NO_LOGRA,"ARIMA(0,0,0)",strict,ok,58.0,3.0,LORETO,MAYNAS,CSMC UKA YAKI TSAWA,ACTIVO,0.0,1.0,1.0,37.0,1.0,0-1 medico,True,False
00030800,CENTRO DE SALUD MENTAL COMUNITARIO - NAUTA,LORETO,5,115,0,23.0,161.0,2.6731196830004,276.0,2.6731196830004,0.009685216242755,>150,0.3,0.2,-190.314783757245,NO_LOGRA,"ARIMA(2,0,1)",strict,ok,276.0,3.0,LORETO,LORETO,CSMC NAUTA,ACTIVO,1.0,0.0,1.0,27.0,0.75,0-1 medico,True,False
00027572,CENTRO DE SALUD MENTAL COMUNITARIO - PUNCHANA,LORETO,5,25,0,5.0,35.0,0.185691514167875,60.0,0.185691514167875,0.0030948585694645,60-100,0.5,0.35,-231.270094287024,NO_LOGRA,"ARIMA(0,1,1)",strict,ok,60.0,0.0,LORETO,MAYNAS,CSMC PUNCHANA,ACTIVO,0.0,1.0,1.0,25.0,1.0,0-1 medico,True,False
00027540,CENTRO DE SALUD MENTAL COMUNITARIO - YURIMAGUAS,LORETO,5,34,1,6.8,47.6,1.86844879132601,81.6,2.86844879132601,0.0351525587172305,60-100,0.5,0.35,-209.898294188513,NO_LOGRA,"ARIMA(0,0,0)",strict,ok,82.0,3.0,LORETO,ALTO AMAZONAS,CSMC YURIMAGUAS,ACTIVO,1.0,2.0,3.0,37.0,1.0,3+ medicos,True,False
00026050,CENTRO DE SALUD MENTAL COMUNITARIO CARDOZO,LORETO,5,133,12,26.6,186.2,0.931,319.2,12.931,0.0405106516290727,>150,0.3,0.2,-159.489348370927,NO_LOGRA,"ARIMA(1,1,0)",strict,ok,319.0,13.0,LORETO,MAYNAS,CSMC CARDOZO,ACTIVO,2.0,1.0,3.0,37.0,1.0,3+ medicos,True,False
00027082,CENTRO DE SALUD MENTAL COMUNITARIO INTERCULTURAL DATEM DEL MARANON,LORETO,4,12,0,3.0,21.0,0.12149439598938,33.0,0.12149439598938,0.0036816483633145,30-39,0.65,0.45,-223.159175818343,NO_LOGRA,"ARIMA(0,1,1)",strict,ok,33.0,0.0,LORETO,DATEM DEL MARAÑON,CSMC INTERCULTURAL DATEM DEL MARAÑON,ACTIVO,1.0,0.0,1.0,42.0,0.75,0-1 medico,True,False
00027598,CENTRO DE SALUD MENTAL COMUNITARIO IQUITOS,LORETO,5,24,3,4.8,33.6,1.06212257391845,57.6,4.06212257391845,0.0705229613527509,40-59,0.6,0.4,-164.738519323625,NO_LOGRA,"ARIMA(0,1,2)",strict,ok,58.0,4.0,LORETO,MAYNAS,CSMC IQUITOS,ACTIVO,1.0,0.0,1.0,28.0,0.75,0-1 medico,True,False
00026671,CENTRO DE SALUD MENTAL COMUNITARIO PUERTO MALDONADO,MADRE DE DIOS,5,62,3,12.4,86.8,2.42074050409115,148.8,5.42074050409115,0.0364297076887846,101-150,0.4,0.3,-263.570292311215,NO_LOGRA,"ARIMA(0,0,0)",strict,ok,149.0,5.0,MADRE DE DIOS,TAMBOPATA,CSMC PUERTO MALDONADO,ACTIVO,2.0,1.0,3.0,22.0,1.0,3+ medicos,True,False
00021101,CENTRO DE SALUD MENTAL COMUNITARIO - MOQUEGUA,MOQUEGUA,5,40,14,8.0,56.0,15.9379016206208,96.0,29.9379016206208,0.311853141881467,60-100,0.5,0.35,-25.431238745689,NO_LOGRA,"ARIMA(0,1,1)",basic,ok,96.0,30.0,MOQUEGUA,MARISCAL NIETO,CSMC MOQUEGUA,ACTIVO,2.0,1.0,3.0,25.0,0.875,3+ medicos,True,False
00029503,CENTRO DE SALUD MENTAL COMUNITARIO MARIANO LINO URQUIETA,MOQUEGUA,5,30,16,6.0,42.0,19.5018761954391,72.0,35.5018761954391,0.493081613825544,60-100,0.5,0.35,95.3877425503624,NO_LOGRA,"ARIMA(0,1,2)",strict,ok,72.0,36.0,MOQUEGUA,MARISCAL NIETO,CSMC MARIANO LINO URQUIETA,ACTIVO,2.0,1.0,3.0,27.0,0.875,3+ medicos,True,False
00026900,CENTRO DE SALUD MENTAL COMUNITARIO,PASCO,5,78,29,15.6,109.2,24.8954289412457,187.2,53.8954289412457,0.287902932378449,>150,0.3,0.2,87.9029323784492,NO_LOGRA,"ARIMA(0,1,2)",strict,ok,187.0,54.0,PASCO,PASCO,CSMC PASCO,ACTIVO,1.0,1.0,2.0,23.0,1.0,2 medicos,True,False
00031428,CENTRO DE SALUD MENTAL COMUNITARIO DANIEL A. CARRION,PASCO,5,52,23,10.4,72.8,18.3953070658016,124.8,41.3953070658016,0.331693165591359,101-150,0.4,0.3,31.6931655913593,NO_LOGRA,"ARIMA(0,1,1)",basic,ok,125.0,41.0,PASCO,DANIEL ALCIDES CARRION,CSMC DANIEL ALCIDES CARRION,ACTIVO,1.0,1.0,2.0,23.0,1.0,2 medicos,True,False
00028439,CENTRO DE SALUD MENTAL COMUNITARIO CHULUCANAS,PIURA,5,37,7,7.4,51.8,4.53189961975528,88.8,11.5318996197553,0.129863734456704,60-100,0.5,0.35,-146.757510362198,NO_LOGRA,"ARIMA(0,0,2)",strict,ok,89.0,12.0,PIURA,MORROPON,CSMC CHULUCANAS,ACTIVO,1.0,1.0,2.0,34.0,1.0,2 medicos,True,False
00033982,CENTRO DE SALUD MENTAL COMUNITARIO HUANCABAMBA,PIURA,5,44,15,8.8,61.6,17.4140193902952,105.6,32.4140193902952,0.306950941195977,101-150,0.4,0.3,6.9509411959775,NO_LOGRA,"ARIMA(0,1,1)",basic,ok,106.0,32.0,PIURA,HUANCABAMBA,CSMC HUANCABAMBA,ACTIVO,1.0,1.0,2.0,27.0,1.0,2 medicos,True,False
00030872,CENTRO DE SALUD MENTAL COMUNITARIO LAS DALIAS,PIURA,5,20,10,4.0,28.0,12.9159977033784,48.0,22.9159977033784,0.477416618820383,40-59,0.6,0.4,38.7083094101916,NO_LOGRA,"ARIMA(0,1,1)",strict,ok,48.0,23.0,PIURA,PIURA,CSMC LAS DALIAS,ACTIVO,1.0,1.0,2.0,35.0,0.75,2 medicos,True,False
00025892,CENTRO DE SALUD MENTAL COMUNITARIO SAN ALFONSO,PIURA,5,37,10,7.4,51.8,3.74067041397475,88.8,13.7406704139747,0.154737279436653,60-100,0.5,0.35,-130.175147042232,NO_LOGRA,"ARIMA(0,1,2)",strict,ok,89.0,14.0,PIURA,PAITA,CSMC SAN ALFONSO,ACTIVO,1.0,1.0,2.0,27.0,1.0,2 medicos,True,False
00027663,CENTRO DE SALUD MENTAL COMUNITARIO SAN GERARDO,PIURA,5,32,9,6.4,44.8,8.2421535544264,76.8,17.2421535544264,0.224507207739927,60-100,0.5,0.35,-83.6618615067152,NO_LOGRA,"ARIMA(0,1,1)",strict,ok,77.0,17.0,PIURA,SULLANA,CSMC SAN GERARDO DE DE TAMBOGRANDE,ACTIVO,1.0,1.0,2.0,35.0,0.75,2 medicos,True,False
00029841,CENTRO DE SALUD MENTAL COMUNITARIO DIVINO NINO JESUS,PUNO,5,20,10,4.0,28.0,6.3860223902655,48.0,16.3860223902655,0.341375466463865,40-59,0.6,0.4,-29.3122667680677,NO_LOGRA,"ARIMA(1,0,0)",strict,ok,48.0,16.0,PUNO,SAN ROMAN,CSMC DIVINO NIÑO JESUS,ACTIVO,1.0,1.0,2.0,23.0,0.875,2 medicos,True,False
00029836,CENTRO DE SALUD MENTAL COMUNITARIO KHANTATI URURI,PUNO,5,37,6,7.4,51.8,8.94968812281306,88.8,14.9496881228131,0.168352343725372,60-100,0.5,0.35,-121.098437516418,NO_LOGRA,"ARIMA(0,1,1)",strict,ok,89.0,15.0,PUNO,HUANCANE,CSMC KHANTATI URURI,ACTIVO,1.0,1.0,2.0,28.0,0.75,2 medicos,True,False
00029832,CENTRO DE SALUD MENTAL COMUNITARIO KUSIPURICUY AZANGARO,PUNO,5,34,9,6.8,47.6,8.19748575885665,81.6,17.1974857588567,0.210753501946773,60-100,0.5,0.35,-92.8309987021515,NO_LOGRA,"ARIMA(0,1,1)",basic,ok,82.0,17.0,PUNO,AZANGARO,CSMC KUSIPURICUY,ACTIVO,1.0,1.0,2.0,25.0,1.0,2 medicos,True,False
00033150,CENTRO DE SALUD MENTAL COMUNITARIO LAMPA,PUNO,3,10,7,3.33333333333333,23.3333333333333,10.0722266960397,33.3333333333333,17.0722266960397,0.512166800881191,30-39,0.65,0.45,31.0834004405953,NO_LOGRA,"ARIMA(0,1,1)",basic,ok,33.0,17.0,PUNO,LAMPA,CSMC LAMPA (MUSUK KAWSAY),ACTIVO,0.0,1.0,1.0,29.0,1.0,0-1 medico,True,False
00030223,CENTRO DE SALUD MENTAL COMUNITARIO SAN ISIDRO LABRADOR,PUNO,5,38,19,7.6,53.2,23.9472103272771,91.2,42.9472103272771,0.470912393939441,60-100,0.5,0.35,80.6082626262943,NO_LOGRA,"ARIMA(0,1,1)",basic,ok,91.0,43.0,PUNO,PUNO,CSMC SAN ISIDRO LABRADOR,ACTIVO,1.0,1.0,2.0,25.0,1.0,2 medicos,True,False
00029844,CENTRO DE SALUD MENTAL COMUNITARIO SAN MIGUEL ARCANGEL,PUNO,5,19,12,3.8,26.6,6.53890357098154,45.6,18.5389035709815,0.406554902872402,40-59,0.6,0.4,3.27745143620106,NO_LOGRA,"ARIMA(0,1,1)",strict,ok,46.0,19.0,PUNO,SAN ROMAN,CSMC SAN MIGUEL ARCÁNGEL,ACTIVO,1.0,1.0,2.0,25.0,1.0,2 medicos,True,False
00027818,CENTRO DE SALUD MENTAL COMUNITARIO SAN ROMAN JULIACA,PUNO,5,43,7,8.6,60.2,7.3126574945994,103.2,14.3126574945994,0.138688541614335,101-150,0.4,0.3,-161.311458385665,NO_LOGRA,"ARIMA(0,1,1)",strict,ok,103.0,14.0,PUNO,SAN ROMAN,CSMC SAN ROMAN,ACTIVO,1.0,1.0,2.0,28.0,0.75,2 medicos,True,False
00033147,CENTRO DE SALUD MENTAL COMUNITARIO SUMA JAKANA,PUNO,5,38,16,7.6,53.2,24.6933142496076,91.2,40.6933142496076,0.446198621157978,60-100,0.5,0.35,64.1324141053187,NO_LOGRA,"ARIMA(2,1,1)",basic,ok,91.0,41.0,PUNO,EL COLLAO,CSMC SUMA JAKAÑA,ACTIVO,1.0,1.0,2.0,26.0,1.0,2 medicos,True,False
00031456,CENTRO DE SALUD MENTAL COMUNITARIO BELLAVISTA,SAN MARTIN,5,38,1,7.6,53.2,0.527759328631596,91.2,1.5277593286316,0.0167517470244693,60-100,0.5,0.35,-222.165501983687,NO_LOGRA,"ARIMA(0,0,0)",strict,ok,91.0,2.0,SAN MARTIN,AYMARAES,CSMC BELLAVISTA,ACTIVO,1.0,1.0,2.0,26.0,1.0,2 medicos,True,False
00026698,CENTRO DE SALUD MENTAL COMUNITARIO LA BANDA DE SHILCAYO,SAN MARTIN,5,49,21,9.8,68.6,11.0312967092226,117.6,32.0312967092226,0.272374972017199,101-150,0.4,0.3,-27.6250279828007,NO_LOGRA,"ARIMA(0,0,0)",strict,ok,118.0,32.0,SAN MARTIN,SAN MARTIN,CSMC LA BANDA DE SHILCAYO,ACTIVO,0.0,2.0,2.0,25.0,1.0,2 medicos,True,False
00031275,CENTRO DE SALUD MENTAL COMUNITARIO MOYOBAMBA,SAN MARTIN,5,40,15,8.0,56.0,29.8201028489117,96.0,44.8201028489117,0.46687607134283,60-100,0.5,0.35,77.9173808952203,NO_LOGRA,"ARIMA(0,0,2)",strict,ok,96.0,45.0,SAN MARTIN,MOYOBAMBA,CSMC MOYOBAMBA,ACTIVO,2.0,1.0,3.0,30.0,0.875,3+ medicos,True,False
00028695,CENTRO DE SALUD MENTAL TOCACHE,SAN MARTIN,4,20,2,5.0,35.0,1.13115628570638,55.0,3.13115628570638,0.0569301142855705,40-59,0.6,0.4,-171.534942857215,NO_LOGRA,"ARIMA(0,0,0)",strict,ok,55.0,3.0,SAN MARTIN,TOCACHE,CSMC AYLLU SAMI TOCACHE,ACTIVO,2.0,1.0,3.0,28.0,0.75,3+ medicos,True,False
00031651,CENTRO DE SALUD MENTAL COMUNITARIO UNIVERSITARIO JORGE BASADRE,TACNA,5,38,17,7.6,53.2,25.040773046113,91.2,42.040773046113,0.46097338866352,60-100,0.5,0.35,73.9822591090134,NO_LOGRA,"ARIMA(0,1,2)",strict,ok,91.0,42.0,TACNA,TACNA,CSMCU JORGE BASADRE,ACTIVO,1.0,1.0,2.0,27.0,0.875,2 medicos,True,False
00026856,CENTRO DE SALUD MENTAL COMUNITARIO LIC. ENF. SILVIA VIOLETA CONDE SOSA,TUMBES,5,55,14,11.0,77.0,23.2114823785882,132.0,37.2114823785882,0.281905169534759,101-150,0.4,0.3,-18.094830465241,NO_LOGRA,"ARIMA(0,1,1)",strict,ok,132.0,37.0,TUMBES,ZARUMILLA,CSMC LIC.ENF.SILVIA VIOLETA CONDE SOSA,ACTIVO,1.0,1.0,2.0,25.0,0.875,2 medicos,True,False
00028923,CENTRO DE SALUD MENTAL COMUNITARIO VIRGEN DEL CISNE,TUMBES,5,60,20,12.0,84.0,25.4662068200036,144.0,45.4662068200036,0.315737547361136,101-150,0.4,0.3,15.7375473611359,NO_LOGRA,"ARIMA(1,0,1)",strict,ok,144.0,45.0,TUMBES,TUMBES,CSMC - VIRGEN DEL CISNE,ACTIVO,1.0,1.0,2.0,31.0,1.0,2 medicos,True,False
00027435,CENTRO DE SALUD MENTAL COMUNITARIO CREESER,AMAZONAS,5,10,4,2.0,14.0,4.5686830493045,24.0,8.5686830493045,0.357028460387687,<30,,,0.0,NO_LOGRA_DENOM_LT30,"ARIMA(2,1,0)",basic,ok,24.0,9.0,AMAZONAS,UTCUBAMBA,CSMC CREESER,ACTIVO,2.0,0.0,2.0,23.0,0.75,2 medicos,True,False
00026572,CENTRO DE SALUD MENTAL COMUNITARIO ALLIN KAWSAY,APURIMAC,4,10,9,2.5,17.5,17.2327382551863,27.5,26.2327382551863,0.953917754734048,<30,,,0.0,NO_LOGRA_DENOM_LT30,"ARIMA(0,1,1)",strict,ok,28.0,26.0,APURÍMAC,ABANCAY,CSMC ALLIN KAWSAY,ACTIVO,1.0,1.0,2.0,27.0,1.0,2 medicos,True,False
00027736,CENTRO DE SALUD MENTAL COMUNITARIO VALLE DEL MANTARO,JUNIN,3,6,4,2.0,14.0,11.4321672486584,20.0,15.4321672486584,0.771608362432922,<30,,,0.0,NO_LOGRA_DENOM_LT30,"ARIMA(0,1,2)",strict,ok,20.0,15.0,JUNÍN,HUANCAYO,CSMC VALLE DEL MANTARO,ACTIVO,1.0,1.0,2.0,24.0,1.0,2 medicos,True,False
00029266,CENTRO DE SALUD MENTAL COMUNITARIO CRL. SAN. WILELMO PEDRO ZORILLA HUAMAN,LIMA DIRIS SUR,5,10,6,2.0,14.0,11.0223327058765,24.0,17.0223327058765,0.709263862744856,<30,,,0.0,NO_LOGRA_DENOM_LT30,"ARIMA(0,1,1)",strict,ok,24.0,17.0,DIRIS LIMA SUR,LIMA,CSMC CRL.SAN WILELMO PEDRO ZORRILLA HUAMAN,ACTIVO,0.0,2.0,2.0,27.0,1.0,2 medicos,True,False
00029481,CENTRO DE SALUD MENTAL COMUNITARIO AUCALLAMA,LIMA REGION,4,7,2,1.75,12.25,0.418248627601419,19.25,2.41824862760142,0.125623305329944,<30,,,0.0,NO_LOGRA_DENOM_LT30,"ARIMA(0,1,2)",strict,ok,19.0,2.0,LIMA REGIÓN,HUARAL,CSMC AUCALLAMA,ACTIVO,1.0,1.0,2.0,24.0,1.0,2 medicos,True,False
00031810,CENTRO DE SALUD MENTAL COMUNITARIO I 3 - CONTAMANA,LORETO,5,11,6,2.2,15.4,4.68713042015808,26.4,10.6871304201581,0.404815546218109,<30,,,0.0,NO_LOGRA_DENOM_LT30,"ARIMA(0,1,1)",strict,ok,26.0,11.0,LORETO,UCAYALI,CSMC CONTAMANA,ACTIVO,0.0,1.0,1.0,19.0,1.0,0-1 medico,True,False
00033157,C. S. MENTAL COMUNITARIO DR. CESAR GALLARDO,MOQUEGUA,5,9,5,1.8,12.6,7.5051616970127,21.6,12.5051616970127,0.578942671157995,<30,,,0.0,NO_LOGRA_DENOM_LT30,"ARIMA(0,1,1)",strict,ok,22.0,13.0,MOQUEGUA,ILO,CSMC DR CESAR GALLARDO,ACTIVO,1.0,0.0,1.0,27.0,0.625,0-1 medico,True,False
00025389,CENTRO DE SALUD MENTAL COMUNITARIO EL BUEN VIVIR,AMAZONAS,4,32,9,8.0,,,,,,missing,,,,NO_MODELADO,,not_ready,missing_2026_05,,,AMAZONAS,CONDORCANQUI,CSMC EL BUEN VIVIR,ACTIVO,1.0,1.0,2.0,15.0,0.875,2 medicos,False,False
00029068,INTEGRAMENTE HUAYABAMBA,AMAZONAS,5,41,6,8.2,,,,,,missing,,,,NO_MODELADO,,not_ready,lt18_observed_months,,,AMAZONAS,RODRIGUEZ DE MENDOZA,CSMC INTEGRAMENTE HUAYABAMBA,ACTIVO,2.0,1.0,3.0,26.0,1.0,3+ medicos,False,False
00029271,SENOR DE GUALAMITA,AMAZONAS,5,28,6,5.6,,,,,,missing,,,,NO_MODELADO,,not_ready,lt18_observed_months,,,AMAZONAS,LUYA,CSMC SEÑOR DE GUALAMITA,ACTIVO,1.0,1.0,2.0,27.0,1.0,2 medicos,False,False
00036300,CENTRO DE SALUD MENTAL COMUNITARIO DEL ETERNO SOL,ANCASH,5,46,21,9.2,,,,,,missing,,,,NO_MODELADO,,not_ready,lt18_observed_months|lt12_consecutive_months,,,ANCASH,CASMA,CSMC DEL ETERNO SOL / EL ETERNO SOL DE CASMA,ACTIVO,1.0,1.0,2.0,28.0,0.875,2 medicos,False,False
00028540,CENTRO DE SALUD MENTAL COMUNITARIO HAMPICAMAYOC,ANCASH,5,46,18,9.2,,,,,,missing,,,,NO_MODELADO,,not_ready,lt12_consecutive_months,,,ANCASH,HUARI,CSMC HAMPICAMAYOC,ACTIVO,2.0,2.0,4.0,30.0,1.0,3+ medicos,False,False
00036302,CENTRO DE SALUD MENTAL COMUNITARIO SANTA,ANCASH,5,72,38,14.4,,,,,,missing,,,,NO_MODELADO,,not_ready,lt18_observed_months|lt12_consecutive_months,,,ANCASH,SANTA,CSMC SANTA,ACTIVO,1.0,1.0,2.0,29.0,0.75,2 medicos,False,False
00035250,CENTRO DE SALUD MENTAL COMUNITARIO ALLIN KAY YURA,AREQUIPA,5,50,9,10.0,,,,,,missing,,,,NO_MODELADO,,not_ready,lt18_observed_months,,,AREQUIPA,AREQUIPA,CSMC ALLIN KAY - YURA,ACTIVO,2.0,1.0,3.0,26.0,0.875,3+ medicos,False,False
00027272,CENTRO DE SALUD MENTAL COMUNITARIO CAMANA,AREQUIPA,5,44,22,8.8,,,,,,missing,,,,NO_MODELADO,,not_ready,lt12_consecutive_months,,,AREQUIPA,CAMANA,CSMC CAMANA,ACTIVO,1.0,0.0,1.0,31.0,0.625,0-1 medico,False,False
00034755,CENTRO DE SALUD MENTAL COMUNITARIO CHIVAY MOSOQ QALLARIY,AREQUIPA,5,76,10,15.2,,,,,,missing,,,,NO_MODELADO,,not_ready,lt18_observed_months,,,AREQUIPA,CAYLLOMA,CSMC MOSOQ QALLARIY CHIVAY,ACTIVO,2.0,1.0,3.0,27.0,0.625,3+ medicos,False,False
00031488,CENTRO DE SALUD MENTAL COMUNITARIO HUNTER,AREQUIPA,5,90,38,18.0,,,,,,missing,,,,NO_MODELADO,,not_ready,lt18_observed_months,,,AREQUIPA,AREQUIPA,CSMC HUNTER,ACTIVO,1.0,1.0,2.0,27.0,0.75,2 medicos,False,False
00036180,CENTRO DE SALUD MENTAL COMUNITARIO UNIVERSITARIO SAN AGUSTIN,AREQUIPA,5,70,11,14.0,,,,,,missing,,,,NO_MODELADO,,not_ready,lt18_observed_months|lt12_consecutive_months,,,AREQUIPA,AREQUIPA,CSMCU SAN AGUSTÍN,ACTIVO,2.0,1.0,3.0,22.0,1.0,3+ medicos,False,False
00029151,CENTRO DE SALUD MENTAL COMUNITARIO LA FLOR DE LOTO,CAJAMARCA,5,20,14,4.0,,,,,,missing,,,,NO_MODELADO,,not_ready,lt18_observed_months,,,CAJAMARCA,SAN IGNACIO,CSMC FLOR DE LOTO,ACTIVO,1.0,1.0,2.0,27.0,0.875,2 medicos,False,False
00034576,CENTRO DE SALUD MENTAL COMUNITARIO Q´ORIMARCA,CAJAMARCA,5,37,10,7.4,,,,,,missing,,,,NO_MODELADO,,not_ready,lt18_observed_months,,,CAJAMARCA,HUALGAYOC,CSMC Q´ORIMARCA,ACTIVO,1.0,1.0,2.0,30.0,0.875,2 medicos,False,False
00034419,MENTAL COMUNITARIO CUSCO,CUSCO,5,103,61,20.6,,,,,,missing,,,,NO_MODELADO,,not_ready,lt18_observed_months,,,CUSCO,CUSCO,CSMC MENTAL COMUNITARIO CUSCO,ACTIVO,1.0,2.0,3.0,27.0,0.875,3+ medicos,False,False
00034021,CENTRO DE SALUD MENTAL COMUNITARIO SANTISIMA VIRGEN DE YAUCA,ICA,5,17,5,3.4,,,,,,missing,,,,NO_MODELADO,,not_ready,lt18_observed_months|lt12_consecutive_months,,,ICA,ICA,CSMC SANTÍSIMA VIRGEN DE YAUCA,ACTIVO,1.0,1.0,2.0,28.0,1.0,2 medicos,False,False
00025977,CENTRO DE SALUD MENTAL COMUNITARIO VITALIZA,ICA,2,4,1,2.0,,,,,,missing,,,,NO_MODELADO,,not_ready,missing_2026_05,,,ICA,ICA,CSMC VITALIZA,ACTIVO,0.0,1.0,1.0,28.0,1.0,0-1 medico,False,False
00034717,CENTRO DE SALUD MENTAL COMUNITARIO HUANCAYO,JUNIN,5,24,16,4.8,,,,,,missing,,,,NO_MODELADO,,not_ready,lt18_observed_months|lt12_consecutive_months,,,JUNÍN,HUANCAYO,CSMC HUANCAYO,ACTIVO,1.0,1.0,2.0,21.0,1.0,2 medicos,False,False
00034715,CENTRO DE SALUD MENTAL COMUNITARIO SAPALLANGA,JUNIN,5,26,16,5.2,,,,,,missing,,,,NO_MODELADO,,not_ready,lt18_observed_months|lt12_consecutive_months,,,JUNÍN,HUANCAYO,CSMC SAPALLANGA,ACTIVO,1.0,1.0,2.0,19.0,0.875,2 medicos,False,False
00035658,CENTRO DE SALUD MENTAL COMUNITARIO CUENTA CONMIGO,LA LIBERTAD,5,28,17,5.6,,,,,,missing,,,,NO_MODELADO,,not_ready,lt18_observed_months|lt12_consecutive_months,,,LA LIBERTAD,SANTIAGO DE CHUCO,CSMC CUENTA CONMIGO,ACTIVO,1.0,1.0,2.0,22.0,1.0,2 medicos,False,False
00034214,CENTRO DE SALUD MENTAL COMUNITARIO FORTALECIENDO VIDAS,LA LIBERTAD,5,27,21,5.4,,,,,,missing,,,,NO_MODELADO,,not_ready,lt18_observed_months|lt12_consecutive_months,,,LA LIBERTAD,TRUJILLO,CSMC FORTALECIENDO VIDAS,ACTIVO,1.0,0.0,1.0,20.0,0.75,0-1 medico,False,False
00026446,CENTRO DE SALUD MENTAL COMUNITARIO SEMBRANDO ESPERANZA DE HUAMACHUCO,LA LIBERTAD,4,6,5,1.5,,,,,,missing,,,,NO_MODELADO,,not_ready,missing_2026_05,,,LA LIBERTAD,SANCHEZ CARRION,CSMC SEMBRANDO ESPERANZA DE HUAMACHUCO,ACTIVO,2.0,0.0,2.0,26.0,0.75,2 medicos,False,False
00036024,CENTRO DE SALUD MENTAL COMUNITARIO CRUZ DE CHALPON - OLMOS,LAMBAYEQUE,5,42,12,8.4,,,,,,missing,,,,NO_MODELADO,,not_ready,lt18_observed_months|lt12_consecutive_months,,,LAMBAYEQUE,LAMBAYEQUE,CSMC CRUZ DE CHALPON-OLMOS,ACTIVO,1.0,1.0,2.0,26.0,1.0,2 medicos,False,False
00027737,CENTRO DE SALUD MENTAL COMUNITARIO FRANCO BASAGLIA - REQUE,LAMBAYEQUE,4,17,9,4.25,,,,,,missing,,,,NO_MODELADO,,not_ready,missing_2026_05,,,LAMBAYEQUE,CHICLAYO,CSMC FRANCO BASAGLIA REQUE,ACTIVO,2.0,1.0,3.0,30.0,1.0,3+ medicos,False,False
00033647,CENTRO DE SALUD MENTAL COMUNITARIO JUAN JOSE CRUZ VENEGAS - PICSI,LAMBAYEQUE,5,15,8,3.0,,,,,,missing,,,,NO_MODELADO,,not_ready,lt18_observed_months|lt12_consecutive_months,,,LAMBAYEQUE,CHICLAYO,"CSMC JUAN JOSÉ CRUZ VENEGAS - ""PICSI""",ACTIVO,1.0,1.0,2.0,30.0,1.0,2 medicos,False,False
00036720,CENTRO DE SALUD MENTAL COMUNITARIO JUAN PARDO Y MIGUEL PATAPO,LAMBAYEQUE,3,9,8,3.0,,,,,,missing,,,,NO_MODELADO,,not_ready,lt18_observed_months|lt12_consecutive_months,,,LAMBAYEQUE,CHICLAYO,CSMC JUAN PARDO Y MIGUEL PATAPO,ACTIVO,1.0,1.0,2.0,30.0,1.0,2 medicos,False,False
00036950,CENTRO DE SALUD MENTAL COMUNITARIO NAYLAMP LAMBAYEQUE,LAMBAYEQUE,5,18,4,3.6,,,,,,missing,,,,NO_MODELADO,,not_ready,lt18_observed_months|lt12_consecutive_months,,,LAMBAYEQUE,LAMBAYEQUE,CSMC NAYLAMP LAMBAYEQUE,ACTIVO,2.0,2.0,4.0,35.0,1.0,3+ medicos,False,False
00029235,CENTRO DE SALUD MENTAL COMUNITARIO TUMI DE ORO,LAMBAYEQUE,5,15,2,3.0,,,,,,missing,,,,NO_MODELADO,,not_ready,lt12_consecutive_months,,,LAMBAYEQUE,LAMBAYEQUE,CSMC TUMI DE ORO,ACTIVO,2.0,1.0,3.0,33.0,1.0,3+ medicos,False,False
00031374,CENTRO DE SALUD MENTAL COMUNITARIO KUYANAKUSUN,LIMA,0,0,0,,,,,,,missing,,,,NO_MODELADO,,not_ready,missing_2026_05,,,,,,,,,,,,Sin dato,False,False
00027426,CENTRO DE SALUD MENTAL COMUNITARIO LA MOLINA,LIMA,0,0,0,,,,,,,missing,,,,NO_MODELADO,,not_ready,lt18_observed_months|missing_2026_05,,,,,,,,,,,,Sin dato,False,False
00035717,CENTRO DE SALUD MENTAL COMUNITARIO EXCELENCIA SAN MIGUEL,LIMA DIRIS CENTRO,5,113,41,22.6,,,,,,missing,,,,NO_MODELADO,,not_ready,lt18_observed_months|lt12_consecutive_months,,,DIRIS LIMA CENTRO,LIMA,CSMC EXCELENCIA SAN MIGUEL,ACTIVO,1.0,1.0,2.0,30.0,1.0,2 medicos,False,False
00036695,CENTRO DE SALUD MENTAL COMUNITARIO JESUS MARIA,LIMA DIRIS CENTRO,4,26,9,6.5,,,,,,missing,,,,NO_MODELADO,,not_ready,lt18_observed_months|lt12_consecutive_months,,,DIRIS LIMA CENTRO,LIMA,CSMC JESÚS MARÍA,ACTIVO,0.0,2.0,2.0,31.0,1.0,2 medicos,False,False
00035816,CENTRO DE SALUD MENTAL COMUNITARIO VILLA CAMPOY,LIMA DIRIS CENTRO,5,66,19,13.2,,,,,,missing,,,,NO_MODELADO,,not_ready,lt18_observed_months|lt12_consecutive_months,,,DIRIS LIMA CENTRO,LIMA,CSMC VILLA CAMPOY,ACTIVO,1.0,0.0,1.0,28.0,0.75,0-1 medico,False,False
00036395,CENTRO DE SALUD MENTAL COMUNITARIO LA MOLINA,LIMA DIRIS ESTE,5,33,21,6.6,,,,,,missing,,,,NO_MODELADO,,not_ready,lt18_observed_months,,,DIRIS LIMA ESTE,LIMA,CSMC LA MOLINA,ACTIVO,1.0,2.0,3.0,36.0,1.0,3+ medicos,False,False
00035008,CENTRO DE SALUD MENTAL COMUNITARIO LUZ DE ESPERANZA,LIMA DIRIS ESTE,5,78,46,15.6,,,,,,missing,,,,NO_MODELADO,,not_ready,lt18_observed_months,,,DIRIS LIMA ESTE,LIMA,CSMC LUZ DE ESPERANZA,ACTIVO,0.0,2.0,2.0,26.0,1.0,2 medicos,False,False
00035364,CENTRO DE SALUD MENTAL COMUNITARIO AMACHAY (CUIDAR),LIMA DIRIS NORTE,5,116,22,23.2,,,,,,missing,,,,NO_MODELADO,,not_ready,lt18_observed_months|lt12_consecutive_months,,,DIRIS LIMA NORTE,LIMA,CSMC AMACHAY (CUIDAR),ACTIVO,2.0,0.0,2.0,27.0,0.75,2 medicos,False,False
00033826,CENTRO DE SALUD MENTAL COMUNITARIO JOSEPH GERARD RUYS,LIMA DIRIS NORTE,5,59,20,11.8,,,,,,missing,,,,NO_MODELADO,,not_ready,lt18_observed_months,,,DIRIS LIMA NORTE,LIMA,CSMC JOSEPH GERARD RUYS,ACTIVO,1.0,2.0,3.0,33.0,1.0,3+ medicos,False,False
00035352,CENTRO DE SALUD MENTAL COMUNITARIO KAWSAY (VIDA),LIMA DIRIS NORTE,5,30,11,6.0,,,,,,missing,,,,NO_MODELADO,,not_ready,lt18_observed_months|lt12_consecutive_months,,,DIRIS LIMA NORTE,LIMA,CSMC KAWSAY,ACTIVO,1.0,1.0,2.0,26.0,1.0,2 medicos,False,False
00035351,CENTRO DE SALUD MENTAL COMUNITARIO MUNAY KAWAY ( VIVIR EN ARMONIA ),LIMA DIRIS NORTE,5,156,49,31.2,,,,,,missing,,,,NO_MODELADO,,not_ready,lt18_observed_months,,,DIRIS LIMA NORTE,LIMA,CSMCMUNAY KAWAY,ACTIVO,1.0,1.0,2.0,28.0,1.0,2 medicos,False,False
00035362,CENTRO DE SALUD MENTAL COMUNITARIO QHALIKAY (SALUD),LIMA DIRIS NORTE,5,123,32,24.6,,,,,,missing,,,,NO_MODELADO,,not_ready,lt18_observed_months|lt12_consecutive_months,,,DIRIS LIMA NORTE,LIMA,CSMC QHALI KAY,ACTIVO,2.0,0.0,2.0,28.0,0.75,2 medicos,False,False
00027246,CENTRO DE SALUD MENTAL COMUNITARIO WINAY,LIMA DIRIS NORTE,3,28,6,9.33333333333333,,,,,,missing,,,,NO_MODELADO,,not_ready,missing_2026_05,,,DIRIS LIMA NORTE,LIMA,CSMC WIÑAY,CIERRE TEMPORAL DE PARTE,,,,35.0,0.0,Sin dato,False,False
00035252,CENTRO DE SALUD MENTAL COMUNITARIO SAN IGNACIO DE SURCO,LIMA DIRIS SUR,5,71,34,14.2,,,,,,missing,,,,NO_MODELADO,,not_ready,lt18_observed_months,,,DIRIS LIMA SUR,LIMA,CSMC SAN IGNACIO DE SURCO,ACTIVO,1.0,2.0,3.0,36.0,1.0,3+ medicos,False,False
00030339,CENTRO DE SALUD MENTAL COMUNITARIO SAN ANTONIO,LIMA REGION,5,26,9,5.2,,,,,,missing,,,,NO_MODELADO,,not_ready,lt12_consecutive_months,,,LIMA REGIÓN,HUAROCHIRI,CSMC SAN ANTONIO,ACTIVO,1.0,1.0,2.0,21.0,0.75,2 medicos,False,False
00035162,CENTRO DE SALUD MENTAL COMUNITARIO CABALLO COCHA,LORETO,5,18,0,3.6,,,,,,missing,,,,NO_MODELADO,,not_ready,lt18_observed_months|lt12_consecutive_months,,,LORETO,MARISCAL RAMON CASTILLA,CSMC CABALLO COCHA,ACTIVO,0.0,0.0,0.0,21.0,0.75,0-1 medico,False,False
00033441,CENTRO DE SALUD MENTAL COMUNITARIO CASTILLA,PIURA,5,49,22,9.8,,,,,,missing,,,,NO_MODELADO,,not_ready,lt18_observed_months,,,PIURA,PIURA,CSMC CASTILLA,ACTIVO,1.0,1.0,2.0,34.0,1.0,2 medicos,False,False
00026927,CENTRO DE SALUD MENTAL COMUNITARIO CATACAOS,PIURA,4,10,6,2.5,,,,,,missing,,,,NO_MODELADO,,not_ready,lt18_observed_months|lt12_consecutive_months,,,PIURA,PIURA,CSMC CATACAOS,ACTIVO,1.0,1.0,2.0,23.0,1.0,2 medicos,False,False
00028409,CENTRO DE SALUD MENTAL COMUNITARIO PIURA,PIURA,5,48,27,9.6,,,,,,missing,,,,NO_MODELADO,,not_ready,lt18_observed_months,,,PIURA,PIURA,CSMC PIURA,ACTIVO,2.0,1.0,3.0,33.0,1.0,3+ medicos,False,False
00028678,CENTRO DE SALUD MENTAL COMUNITARIO SAN CLEMENTE,PIURA,5,54,25,10.8,,,,,,missing,,,,NO_MODELADO,,not_ready,lt18_observed_months,,,PIURA,SULLANA,CSMC SAN CLEMENTE DE TALARA,ACTIVO,1.0,1.0,2.0,28.0,1.0,2 medicos,False,False
00026929,CENTRO DE SALUD MENTAL COMUNITARIO SECHURA,PIURA,3,10,3,3.33333333333333,,,,,,missing,,,,NO_MODELADO,,not_ready,lt18_observed_months|lt12_consecutive_months,,,PIURA,SECHURA,CSMC SECHURA,ACTIVO,1.0,1.0,2.0,31.0,1.0,2 medicos,False,False
00035130,CENTRO DE SALUD MENTAL COMUNITARIO SENOR CAUTIVO DE AYABACA,PIURA,5,28,18,5.6,,,,,,missing,,,,NO_MODELADO,,not_ready,lt18_observed_months,,,PIURA,PIURA,CSMC SEÑOR CAUTIVO DE YABACA,ACTIVO,1.0,1.0,2.0,22.0,1.0,2 medicos,False,False
00031452,CENTRO DE SALUD MENTAL COMUNITARIO SENOR DE CHOCAN,PIURA,5,19,12,3.8,,,,,,missing,,,,NO_MODELADO,,not_ready,lt12_consecutive_months,,,PIURA,SULLANA,CSMC SEÑOR DE CHOCAN,ACTIVO,1.0,1.0,2.0,27.0,1.0,2 medicos,False,False
00032588,CENTRO DE SALUD MENTAL COMUNITARIO VEINTISEIS DE OCTUBRE,PIURA,5,33,22,6.6,,,,,,missing,,,,NO_MODELADO,,not_ready,lt18_observed_months|lt12_consecutive_months,,,PIURA,PIURA,CSMC VEINTISEIS DE OCTUBRE,ACTIVO,1.0,1.0,2.0,30.0,1.0,2 medicos,False,False
00033146,CENTRO COMUNITARIO DE SALUD MENTAL SAN FRANCISCO DE BORJA,PUNO,5,32,5,6.4,,,,,,missing,,,,NO_MODELADO,,not_ready,lt18_observed_months|lt12_consecutive_months,,,PUNO,YUNGUYO,CSMC SAN FRANCISCO DE BORJA,ACTIVO,1.0,1.0,2.0,26.0,1.0,2 medicos,False,False
00035944,CENTRO DE SALUD MENTAL COMUNITARIO ALTO PUNO,PUNO,5,28,14,5.6,,,,,,missing,,,,NO_MODELADO,,not_ready,lt18_observed_months|lt12_consecutive_months,,,PUNO,PUNO,CSMC ALTO PUNO,ACTIVO,0.0,1.0,1.0,27.0,1.0,0-1 medico,False,False
00029837,CENTRO DE SALUD MENTAL COMUNITARIO VIRGEN DEL ROSARIO - POMATA,PUNO,5,25,3,5.0,,,,,,missing,,,,NO_MODELADO,,not_ready,lt12_consecutive_months,,,PUNO,CHUCUITO JULI,CSMC VIRGEN DEL ROSARIO,ACTIVO,1.0,1.0,2.0,22.0,1.0,2 medicos,False,False
00035307,CENTRO DE SALUD MENTAL COMUNITARIO LAMAS,SAN MARTIN,4,8,3,2.0,,,,,,missing,,,,NO_MODELADO,,not_ready,lt18_observed_months|lt12_consecutive_months,,,SAN MARTIN,LAMAS,CSMC PAKARINAN PUNCHAW-AMANECER DE VIDA -LAMAS,ACTIVO,1.0,1.0,2.0,22.0,1.0,2 medicos,False,False
00036423,CENTRO DE SALUD MENTAL COMUNITARIO - II KA BIMIA,UCAYALI,3,10,5,3.33333333333333,,,,,,missing,,,,NO_MODELADO,,not_ready,lt18_observed_months|lt12_consecutive_months,,,UCAYALI,PADRE ABAD,CSMC II KA BIMIA- SAN ALEJANDRO,ACTIVO,1.0,1.0,2.0,19.0,1.0,2 medicos,False,False
00035739,CENTRO DE SALUD MENTAL COMUNITARIO ATALAYA.,UCAYALI,5,32,31,6.4,,,,,,missing,,,,NO_MODELADO,,not_ready,lt18_observed_months|lt12_consecutive_months,,,UCAYALI,ATALAYA,CSMC ATALAYA,ACTIVO,1.0,1.0,2.0,25.0,1.0,2 medicos,False,False
